sku_digiflazz,name,category,provider,base_price_minor,is_active,main_category,sub_category,product_type,image_url,description
pulsa-telkomsel-1779023005468-0,Cek Hutang Pulsa Telkomsel,Pulsa,TELKOMSEL,600,true,Pulsa,TELKOMSEL,-,https://cdn.mobilepulsa.net/img/logo/pulsa/small/telkomsel.png,Cek Hutang Pulsa Telkomsel
pulsa-telkomsel-1779023005468-1,Telkomsel 2.000,Pulsa,TELKOMSEL,210500,true,Pulsa,TELKOMSEL,Reguler,https://cdn.mobilepulsa.net/img/logo/pulsa/small/telkomsel.png,Telkomsel 2.000
pulsa-telkomsel-1779023005468-2,Telkomsel 3.000,Pulsa,TELKOMSEL,335500,true,Pulsa,TELKOMSEL,Reguler,https://cdn.mobilepulsa.net/img/logo/pulsa/small/telkomsel.png,Telkomsel 3.000
pulsa-telkomsel-1779023005468-3,Telkomsel 5.000,Pulsa,TELKOMSEL,400000,true,Pulsa,TELKOMSEL,Reguler,https://cdn.mobilepulsa.net/img/logo/pulsa/small/telkomsel.png,Telkomsel 5.000
pulsa-telkomsel-1779023005468-4,Telkomsel 4.000,Pulsa,TELKOMSEL,435500,true,Pulsa,TELKOMSEL,Reguler,https://cdn.mobilepulsa.net/img/logo/pulsa/small/telkomsel.png,Telkomsel 4.000
pulsa-telkomsel-1779023005468-5,Telkomsel 6.000,Pulsa,TELKOMSEL,644000,true,Pulsa,TELKOMSEL,Reguler,https://cdn.mobilepulsa.net/img/logo/pulsa/small/telkomsel.png,Telkomsel 6.000
pulsa-telkomsel-1779023005468-6,Telkomsel 7.000,Pulsa,TELKOMSEL,750000,true,Pulsa,TELKOMSEL,Reguler,https://cdn.mobilepulsa.net/img/logo/pulsa/small/telkomsel.png,Telkomsel 7.000
pulsa-telkomsel-1779023005468-7,Telkomsel 8.000,Pulsa,TELKOMSEL,844000,true,Pulsa,TELKOMSEL,Reguler,https://cdn.mobilepulsa.net/img/logo/pulsa/small/telkomsel.png,Telkomsel 8.000
pulsa-telkomsel-1779023005468-8,Telkomsel 10.000,Pulsa,TELKOMSEL,844500,true,Pulsa,TELKOMSEL,Reguler,https://cdn.mobilepulsa.net/img/logo/pulsa/small/telkomsel.png,Telkomsel 10.000
pulsa-telkomsel-1779023005468-9,Telkomsel 9.000,Pulsa,TELKOMSEL,944000,true,Pulsa,TELKOMSEL,Reguler,https://cdn.mobilepulsa.net/img/logo/pulsa/small/telkomsel.png,Telkomsel 9.000
pulsa-telkomsel-1779023005468-10,Telkomsel 11.000,Pulsa,TELKOMSEL,1170000,true,Pulsa,TELKOMSEL,Reguler,https://cdn.mobilepulsa.net/img/logo/pulsa/small/telkomsel.png,Telkomsel 11.000
pulsa-telkomsel-1779023005468-11,Telkomsel 12.000,Pulsa,TELKOMSEL,1270000,true,Pulsa,TELKOMSEL,Reguler,https://cdn.mobilepulsa.net/img/logo/pulsa/small/telkomsel.png,Telkomsel 12.000
pulsa-telkomsel-1779023005468-12,Telkomsel 13.000,Pulsa,TELKOMSEL,1370000,true,Pulsa,TELKOMSEL,Reguler,https://cdn.mobilepulsa.net/img/logo/pulsa/small/telkomsel.png,Telkomsel 13.000
pulsa-telkomsel-1779023005468-13,Telkomsel 15.000,Pulsa,TELKOMSEL,1400000,true,Pulsa,TELKOMSEL,Reguler,https://cdn.mobilepulsa.net/img/logo/pulsa/small/telkomsel.png,Telkomsel 15.000
pulsa-telkomsel-1779023005468-14,Telkomsel 14.000,Pulsa,TELKOMSEL,1470000,true,Pulsa,TELKOMSEL,Reguler,https://cdn.mobilepulsa.net/img/logo/pulsa/small/telkomsel.png,Telkomsel 14.000
pulsa-telkomsel-1779023005468-15,Telkomsel 16.000,Pulsa,TELKOMSEL,1676000,true,Pulsa,TELKOMSEL,Reguler,https://cdn.mobilepulsa.net/img/logo/pulsa/small/telkomsel.png,Telkomsel 16.000
pulsa-telkomsel-1779023005468-16,Telkomsel 17.000,Pulsa,TELKOMSEL,1776000,true,Pulsa,TELKOMSEL,Reguler,https://cdn.mobilepulsa.net/img/logo/pulsa/small/telkomsel.png,Telkomsel 17.000
pulsa-telkomsel-1779023005468-17,Telkomsel 20.000,Pulsa,TELKOMSEL,1830000,true,Pulsa,TELKOMSEL,Reguler,https://cdn.mobilepulsa.net/img/logo/pulsa/small/telkomsel.png,Telkomsel 20.000
pulsa-telkomsel-1779023005468-18,Telkomsel 18.000,Pulsa,TELKOMSEL,1876000,true,Pulsa,TELKOMSEL,Reguler,https://cdn.mobilepulsa.net/img/logo/pulsa/small/telkomsel.png,Telkomsel 18.000
pulsa-telkomsel-1779023005468-19,Telkomsel 19.000,Pulsa,TELKOMSEL,1973500,true,Pulsa,TELKOMSEL,Reguler,https://cdn.mobilepulsa.net/img/logo/pulsa/small/telkomsel.png,Telkomsel 19.000
pulsa-telkomsel-1779023005468-20,Telkomsel 21.000,Pulsa,TELKOMSEL,2080500,true,Pulsa,TELKOMSEL,Reguler,https://cdn.mobilepulsa.net/img/logo/pulsa/small/telkomsel.png,Telkomsel 21.000
pulsa-telkomsel-1779023005468-21,Telkomsel 22.000,Pulsa,TELKOMSEL,2179500,true,Pulsa,TELKOMSEL,Reguler,https://cdn.mobilepulsa.net/img/logo/pulsa/small/telkomsel.png,Telkomsel 22.000
pulsa-telkomsel-1779023005468-22,Telkomsel 23.000,Pulsa,TELKOMSEL,2278500,true,Pulsa,TELKOMSEL,Reguler,https://cdn.mobilepulsa.net/img/logo/pulsa/small/telkomsel.png,Telkomsel 23.000
pulsa-telkomsel-1779023005468-23,Telkomsel 25.000,Pulsa,TELKOMSEL,2320000,true,Pulsa,TELKOMSEL,Reguler,https://cdn.mobilepulsa.net/img/logo/pulsa/small/telkomsel.png,Telkomsel 25.000
pulsa-telkomsel-1779023005468-24,Telkomsel 24.000,Pulsa,TELKOMSEL,2377500,true,Pulsa,TELKOMSEL,Reguler,https://cdn.mobilepulsa.net/img/logo/pulsa/small/telkomsel.png,Telkomsel 24.000
pulsa-telkomsel-1779023005468-25,Telkomsel 26.000,Pulsa,TELKOMSEL,2571100,true,Pulsa,TELKOMSEL,Reguler,https://cdn.mobilepulsa.net/img/logo/pulsa/small/telkomsel.png,Telkomsel 26.000
pulsa-telkomsel-1779023005468-26,Telkomsel 27.000,Pulsa,TELKOMSEL,2669700,true,Pulsa,TELKOMSEL,Reguler,https://cdn.mobilepulsa.net/img/logo/pulsa/small/telkomsel.png,Telkomsel 27.000
pulsa-telkomsel-1779023005468-27,Telkomsel 28.000,Pulsa,TELKOMSEL,2768300,true,Pulsa,TELKOMSEL,Reguler,https://cdn.mobilepulsa.net/img/logo/pulsa/small/telkomsel.png,Telkomsel 28.000
pulsa-telkomsel-1779023005468-28,Telkomsel 30.000,Pulsa,TELKOMSEL,2777500,true,Pulsa,TELKOMSEL,Reguler,https://cdn.mobilepulsa.net/img/logo/pulsa/small/telkomsel.png,Telkomsel 30.000
pulsa-telkomsel-1779023005468-29,Telkomsel 29.000,Pulsa,TELKOMSEL,2866900,true,Pulsa,TELKOMSEL,Reguler,https://cdn.mobilepulsa.net/img/logo/pulsa/small/telkomsel.png,Telkomsel 29.000
pulsa-telkomsel-1779023005468-30,Telkomsel 31.000,Pulsa,TELKOMSEL,3064100,true,Pulsa,TELKOMSEL,Reguler,https://cdn.mobilepulsa.net/img/logo/pulsa/small/telkomsel.png,Telkomsel 31.000
pulsa-telkomsel-1779023005468-31,Telkomsel 32.000,Pulsa,TELKOMSEL,3164100,true,Pulsa,TELKOMSEL,Reguler,https://cdn.mobilepulsa.net/img/logo/pulsa/small/telkomsel.png,Telkomsel 32.000
pulsa-telkomsel-1779023005468-32,Telkomsel 33.000,Pulsa,TELKOMSEL,3262900,true,Pulsa,TELKOMSEL,Reguler,https://cdn.mobilepulsa.net/img/logo/pulsa/small/telkomsel.png,Telkomsel 33.000
pulsa-telkomsel-1779023005468-33,Telkomsel 35.000,Pulsa,TELKOMSEL,3277500,true,Pulsa,TELKOMSEL,Reguler,https://cdn.mobilepulsa.net/img/logo/pulsa/small/telkomsel.png,Telkomsel 35.000
pulsa-telkomsel-1779023005469-34,Telkomsel 34.000,Pulsa,TELKOMSEL,3361700,true,Pulsa,TELKOMSEL,Reguler,https://cdn.mobilepulsa.net/img/logo/pulsa/small/telkomsel.png,Telkomsel 34.000
pulsa-telkomsel-1779023005469-35,Telkomsel 36.000,Pulsa,TELKOMSEL,3552100,true,Pulsa,TELKOMSEL,Reguler,https://cdn.mobilepulsa.net/img/logo/pulsa/small/telkomsel.png,Telkomsel 36.000
pulsa-telkomsel-1779023005469-36,Telkomsel 37.000,Pulsa,TELKOMSEL,3650700,true,Pulsa,TELKOMSEL,Reguler,https://cdn.mobilepulsa.net/img/logo/pulsa/small/telkomsel.png,Telkomsel 37.000
pulsa-telkomsel-1779023005469-37,Telkomsel 38.000,Pulsa,TELKOMSEL,3749300,true,Pulsa,TELKOMSEL,Reguler,https://cdn.mobilepulsa.net/img/logo/pulsa/small/telkomsel.png,Telkomsel 38.000
pulsa-telkomsel-1779023005469-38,Telkomsel 39.000,Pulsa,TELKOMSEL,3847900,true,Pulsa,TELKOMSEL,Reguler,https://cdn.mobilepulsa.net/img/logo/pulsa/small/telkomsel.png,Telkomsel 39.000
pulsa-telkomsel-1779023005469-39,Telkomsel 40.000,Pulsa,TELKOMSEL,3865000,true,Pulsa,TELKOMSEL,Reguler,https://cdn.mobilepulsa.net/img/logo/pulsa/small/telkomsel.png,Telkomsel 40.000
pulsa-telkomsel-1779023005469-40,Telkomsel 41.000,Pulsa,TELKOMSEL,4047600,true,Pulsa,TELKOMSEL,Reguler,https://cdn.mobilepulsa.net/img/logo/pulsa/small/telkomsel.png,Telkomsel 41.000
pulsa-telkomsel-1779023005469-41,Telkomsel 42.000,Pulsa,TELKOMSEL,4143700,true,Pulsa,TELKOMSEL,Reguler,https://cdn.mobilepulsa.net/img/logo/pulsa/small/telkomsel.png,Telkomsel 42.000
pulsa-telkomsel-1779023005469-42,Telkomsel 43.000,Pulsa,TELKOMSEL,4244800,true,Pulsa,TELKOMSEL,Reguler,https://cdn.mobilepulsa.net/img/logo/pulsa/small/telkomsel.png,Telkomsel 43.000
pulsa-telkomsel-1779023005469-43,Telkomsel 44.000,Pulsa,TELKOMSEL,4340900,true,Pulsa,TELKOMSEL,Reguler,https://cdn.mobilepulsa.net/img/logo/pulsa/small/telkomsel.png,Telkomsel 44.000
pulsa-telkomsel-1779023005469-44,Telkomsel 46.000,Pulsa,TELKOMSEL,4372500,true,Pulsa,TELKOMSEL,Reguler,https://cdn.mobilepulsa.net/img/logo/pulsa/small/telkomsel.png,Telkomsel 46.000
pulsa-telkomsel-1779023005469-45,Telkomsel 45.000,Pulsa,TELKOMSEL,4417500,true,Pulsa,TELKOMSEL,Reguler,https://cdn.mobilepulsa.net/img/logo/pulsa/small/telkomsel.png,Telkomsel 45.000
pulsa-telkomsel-1779023005469-46,Telkomsel 47.000,Pulsa,TELKOMSEL,4636700,true,Pulsa,TELKOMSEL,Reguler,https://cdn.mobilepulsa.net/img/logo/pulsa/small/telkomsel.png,Telkomsel 47.000
pulsa-telkomsel-1779023005469-47,Telkomsel 50.000,Pulsa,TELKOMSEL,4670000,true,Pulsa,TELKOMSEL,Reguler,https://cdn.mobilepulsa.net/img/logo/pulsa/small/telkomsel.png,Telkomsel 50.000
pulsa-telkomsel-1779023005469-48,Telkomsel 48.000,Pulsa,TELKOMSEL,4735300,true,Pulsa,TELKOMSEL,Reguler,https://cdn.mobilepulsa.net/img/logo/pulsa/small/telkomsel.png,Telkomsel 48.000
pulsa-telkomsel-1779023005469-49,Telkomsel 49.000,Pulsa,TELKOMSEL,4833900,true,Pulsa,TELKOMSEL,Reguler,https://cdn.mobilepulsa.net/img/logo/pulsa/small/telkomsel.png,Telkomsel 49.000
pulsa-telkomsel-1779023005469-50,Telkomsel 51.000,Pulsa,TELKOMSEL,5038600,true,Pulsa,TELKOMSEL,Reguler,https://cdn.mobilepulsa.net/img/logo/pulsa/small/telkomsel.png,Telkomsel 51.000
pulsa-telkomsel-1779023005469-51,Telkomsel 52.000,Pulsa,TELKOMSEL,5137200,true,Pulsa,TELKOMSEL,Reguler,https://cdn.mobilepulsa.net/img/logo/pulsa/small/telkomsel.png,Telkomsel 52.000
pulsa-telkomsel-1779023005469-52,Telkomsel 53.000,Pulsa,TELKOMSEL,5235800,true,Pulsa,TELKOMSEL,Reguler,https://cdn.mobilepulsa.net/img/logo/pulsa/small/telkomsel.png,Telkomsel 53.000
pulsa-telkomsel-1779023005469-53,Telkomsel 54.000,Pulsa,TELKOMSEL,5334400,true,Pulsa,TELKOMSEL,Reguler,https://cdn.mobilepulsa.net/img/logo/pulsa/small/telkomsel.png,Telkomsel 54.000
pulsa-telkomsel-1779023005469-54,Telkomsel 55.000,Pulsa,TELKOMSEL,5400000,true,Pulsa,TELKOMSEL,Reguler,https://cdn.mobilepulsa.net/img/logo/pulsa/small/telkomsel.png,Telkomsel 55.000
pulsa-telkomsel-1779023005469-55,Telkomsel 56.000,Pulsa,TELKOMSEL,5531600,true,Pulsa,TELKOMSEL,Reguler,https://cdn.mobilepulsa.net/img/logo/pulsa/small/telkomsel.png,Telkomsel 56.000
pulsa-telkomsel-1779023005469-56,Telkomsel 57.000,Pulsa,TELKOMSEL,5630200,true,Pulsa,TELKOMSEL,Reguler,https://cdn.mobilepulsa.net/img/logo/pulsa/small/telkomsel.png,Telkomsel 57.000
pulsa-telkomsel-1779023005469-57,Telkomsel 58.000,Pulsa,TELKOMSEL,5728800,true,Pulsa,TELKOMSEL,Reguler,https://cdn.mobilepulsa.net/img/logo/pulsa/small/telkomsel.png,Telkomsel 58.000
pulsa-telkomsel-1779023005469-58,Telkomsel 59.000,Pulsa,TELKOMSEL,5827400,true,Pulsa,TELKOMSEL,Reguler,https://cdn.mobilepulsa.net/img/logo/pulsa/small/telkomsel.png,Telkomsel 59.000
pulsa-telkomsel-1779023005469-59,Telkomsel 60.000,Pulsa,TELKOMSEL,5835000,true,Pulsa,TELKOMSEL,Reguler,https://cdn.mobilepulsa.net/img/logo/pulsa/small/telkomsel.png,Telkomsel 60.000
pulsa-telkomsel-1779023005469-60,Telkomsel 61.000,Pulsa,TELKOMSEL,6024600,true,Pulsa,TELKOMSEL,Reguler,https://cdn.mobilepulsa.net/img/logo/pulsa/small/telkomsel.png,Telkomsel 61.000
pulsa-telkomsel-1779023005469-61,Telkomsel 62.000,Pulsa,TELKOMSEL,6123200,true,Pulsa,TELKOMSEL,Reguler,https://cdn.mobilepulsa.net/img/logo/pulsa/small/telkomsel.png,Telkomsel 62.000
pulsa-telkomsel-1779023005469-62,Telkomsel 63.000,Pulsa,TELKOMSEL,6221800,true,Pulsa,TELKOMSEL,Reguler,https://cdn.mobilepulsa.net/img/logo/pulsa/small/telkomsel.png,Telkomsel 63.000
pulsa-telkomsel-1779023005469-63,Telkomsel 64.000,Pulsa,TELKOMSEL,6320400,true,Pulsa,TELKOMSEL,Reguler,https://cdn.mobilepulsa.net/img/logo/pulsa/small/telkomsel.png,Telkomsel 64.000
pulsa-telkomsel-1779023005469-64,Telkomsel 65.000,Pulsa,TELKOMSEL,6385000,true,Pulsa,TELKOMSEL,Reguler,https://cdn.mobilepulsa.net/img/logo/pulsa/small/telkomsel.png,Telkomsel 65.000
pulsa-telkomsel-1779023005469-65,Telkomsel 66.000,Pulsa,TELKOMSEL,6517600,true,Pulsa,TELKOMSEL,Reguler,https://cdn.mobilepulsa.net/img/logo/pulsa/small/telkomsel.png,Telkomsel 66.000
pulsa-telkomsel-1779023005469-66,Telkomsel 67.000,Pulsa,TELKOMSEL,6616200,true,Pulsa,TELKOMSEL,Reguler,https://cdn.mobilepulsa.net/img/logo/pulsa/small/telkomsel.png,Telkomsel 67.000
pulsa-telkomsel-1779023005469-67,Telkomsel 70.000,Pulsa,TELKOMSEL,6702500,true,Pulsa,TELKOMSEL,Reguler,https://cdn.mobilepulsa.net/img/logo/pulsa/small/telkomsel.png,Telkomsel 70.000
pulsa-telkomsel-1779023005469-68,Telkomsel 68.000,Pulsa,TELKOMSEL,6714800,true,Pulsa,TELKOMSEL,Reguler,https://cdn.mobilepulsa.net/img/logo/pulsa/small/telkomsel.png,Telkomsel 68.000
pulsa-telkomsel-1779023005469-69,Telkomsel 69.000,Pulsa,TELKOMSEL,6813400,true,Pulsa,TELKOMSEL,Reguler,https://cdn.mobilepulsa.net/img/logo/pulsa/small/telkomsel.png,Telkomsel 69.000
pulsa-telkomsel-1779023005469-70,Telkomsel 71.000,Pulsa,TELKOMSEL,7010600,true,Pulsa,TELKOMSEL,Reguler,https://cdn.mobilepulsa.net/img/logo/pulsa/small/telkomsel.png,Telkomsel 71.000
pulsa-telkomsel-1779023005469-71,Telkomsel 72.000,Pulsa,TELKOMSEL,7109200,true,Pulsa,TELKOMSEL,Reguler,https://cdn.mobilepulsa.net/img/logo/pulsa/small/telkomsel.png,Telkomsel 72.000
pulsa-telkomsel-1779023005469-72,Telkomsel 73.000,Pulsa,TELKOMSEL,7207800,true,Pulsa,TELKOMSEL,Reguler,https://cdn.mobilepulsa.net/img/logo/pulsa/small/telkomsel.png,Telkomsel 73.000
pulsa-telkomsel-1779023005469-73,Telkomsel 75.000,Pulsa,TELKOMSEL,7250000,true,Pulsa,TELKOMSEL,Reguler,https://cdn.mobilepulsa.net/img/logo/pulsa/small/telkomsel.png,Telkomsel 75.000
pulsa-telkomsel-1779023005469-74,Telkomsel 74.000,Pulsa,TELKOMSEL,7306400,true,Pulsa,TELKOMSEL,Reguler,https://cdn.mobilepulsa.net/img/logo/pulsa/small/telkomsel.png,Telkomsel 74.000
pulsa-telkomsel-1779023005469-75,Telkomsel 76.000,Pulsa,TELKOMSEL,7503600,true,Pulsa,TELKOMSEL,Reguler,https://cdn.mobilepulsa.net/img/logo/pulsa/small/telkomsel.png,Telkomsel 76.000
pulsa-telkomsel-1779023005469-76,Telkomsel 77.000,Pulsa,TELKOMSEL,7602200,true,Pulsa,TELKOMSEL,Reguler,https://cdn.mobilepulsa.net/img/logo/pulsa/small/telkomsel.png,Telkomsel 77.000
pulsa-telkomsel-1779023005469-77,Telkomsel 78.000,Pulsa,TELKOMSEL,7700800,true,Pulsa,TELKOMSEL,Reguler,https://cdn.mobilepulsa.net/img/logo/pulsa/small/telkomsel.png,Telkomsel 78.000
pulsa-telkomsel-1779023005469-78,Telkomsel 79.000,Pulsa,TELKOMSEL,7799400,true,Pulsa,TELKOMSEL,Reguler,https://cdn.mobilepulsa.net/img/logo/pulsa/small/telkomsel.png,Telkomsel 79.000
pulsa-telkomsel-1779023005469-79,Telkomsel 80.000,Pulsa,TELKOMSEL,7830000,true,Pulsa,TELKOMSEL,Reguler,https://cdn.mobilepulsa.net/img/logo/pulsa/small/telkomsel.png,Telkomsel 80.000
pulsa-telkomsel-1779023005469-80,Telkomsel 81.000,Pulsa,TELKOMSEL,7996600,true,Pulsa,TELKOMSEL,Reguler,https://cdn.mobilepulsa.net/img/logo/pulsa/small/telkomsel.png,Telkomsel 81.000
pulsa-telkomsel-1779023005469-81,Telkomsel 82.000,Pulsa,TELKOMSEL,8095200,true,Pulsa,TELKOMSEL,Reguler,https://cdn.mobilepulsa.net/img/logo/pulsa/small/telkomsel.png,Telkomsel 82.000
pulsa-telkomsel-1779023005469-82,Telkomsel 83.000,Pulsa,TELKOMSEL,8193800,true,Pulsa,TELKOMSEL,Reguler,https://cdn.mobilepulsa.net/img/logo/pulsa/small/telkomsel.png,Telkomsel 83.000
pulsa-telkomsel-1779023005469-83,Telkomsel 84.000,Pulsa,TELKOMSEL,8292400,true,Pulsa,TELKOMSEL,Reguler,https://cdn.mobilepulsa.net/img/logo/pulsa/small/telkomsel.png,Telkomsel 84.000
pulsa-telkomsel-1779023005469-84,Telkomsel 85.000,Pulsa,TELKOMSEL,8350000,true,Pulsa,TELKOMSEL,Reguler,https://cdn.mobilepulsa.net/img/logo/pulsa/small/telkomsel.png,Telkomsel 85.000
pulsa-telkomsel-1779023005469-85,Telkomsel 86.000,Pulsa,TELKOMSEL,8489600,true,Pulsa,TELKOMSEL,Reguler,https://cdn.mobilepulsa.net/img/logo/pulsa/small/telkomsel.png,Telkomsel 86.000
pulsa-telkomsel-1779023005469-86,Telkomsel 87.000,Pulsa,TELKOMSEL,8588200,true,Pulsa,TELKOMSEL,Reguler,https://cdn.mobilepulsa.net/img/logo/pulsa/small/telkomsel.png,Telkomsel 87.000
pulsa-telkomsel-1779023005469-87,Telkomsel 88.000,Pulsa,TELKOMSEL,8686800,true,Pulsa,TELKOMSEL,Reguler,https://cdn.mobilepulsa.net/img/logo/pulsa/small/telkomsel.png,Telkomsel 88.000
pulsa-telkomsel-1779023005469-88,Telkomsel 89.000,Pulsa,TELKOMSEL,8785400,true,Pulsa,TELKOMSEL,Reguler,https://cdn.mobilepulsa.net/img/logo/pulsa/small/telkomsel.png,Telkomsel 89.000
pulsa-telkomsel-1779023005469-89,Telkomsel 90.000,Pulsa,TELKOMSEL,8822500,true,Pulsa,TELKOMSEL,Reguler,https://cdn.mobilepulsa.net/img/logo/pulsa/small/telkomsel.png,Telkomsel 90.000
pulsa-telkomsel-1779023005469-90,Telkomsel 91.000,Pulsa,TELKOMSEL,8982600,true,Pulsa,TELKOMSEL,Reguler,https://cdn.mobilepulsa.net/img/logo/pulsa/small/telkomsel.png,Telkomsel 91.000
pulsa-telkomsel-1779023005469-91,Telkomsel 92.000,Pulsa,TELKOMSEL,9081200,true,Pulsa,TELKOMSEL,Reguler,https://cdn.mobilepulsa.net/img/logo/pulsa/small/telkomsel.png,Telkomsel 92.000
pulsa-telkomsel-1779023005469-92,Telkomsel 93.000,Pulsa,TELKOMSEL,9179800,true,Pulsa,TELKOMSEL,Reguler,https://cdn.mobilepulsa.net/img/logo/pulsa/small/telkomsel.png,Telkomsel 93.000
pulsa-telkomsel-1779023005469-93,Telkomsel 94.000,Pulsa,TELKOMSEL,9278400,true,Pulsa,TELKOMSEL,Reguler,https://cdn.mobilepulsa.net/img/logo/pulsa/small/telkomsel.png,Telkomsel 94.000
pulsa-telkomsel-1779023005469-94,Telkomsel 95.000,Pulsa,TELKOMSEL,9300000,true,Pulsa,TELKOMSEL,Reguler,https://cdn.mobilepulsa.net/img/logo/pulsa/small/telkomsel.png,Telkomsel 95.000
pulsa-telkomsel-1779023005469-95,Telkomsel 100.000,Pulsa,TELKOMSEL,9440000,true,Pulsa,TELKOMSEL,Reguler,https://cdn.mobilepulsa.net/img/logo/pulsa/small/telkomsel.png,Telkomsel 100.000
pulsa-telkomsel-1779023005469-96,Telkomsel 96.000,Pulsa,TELKOMSEL,9475600,true,Pulsa,TELKOMSEL,Reguler,https://cdn.mobilepulsa.net/img/logo/pulsa/small/telkomsel.png,Telkomsel 96.000
pulsa-telkomsel-1779023005469-97,Telkomsel 97.000,Pulsa,TELKOMSEL,9574200,true,Pulsa,TELKOMSEL,Reguler,https://cdn.mobilepulsa.net/img/logo/pulsa/small/telkomsel.png,Telkomsel 97.000
pulsa-telkomsel-1779023005469-98,Telkomsel 98.000,Pulsa,TELKOMSEL,9672800,true,Pulsa,TELKOMSEL,Reguler,https://cdn.mobilepulsa.net/img/logo/pulsa/small/telkomsel.png,Telkomsel 98.000
pulsa-telkomsel-1779023005469-99,Telkomsel 99.000,Pulsa,TELKOMSEL,9771400,true,Pulsa,TELKOMSEL,Reguler,https://cdn.mobilepulsa.net/img/logo/pulsa/small/telkomsel.png,Telkomsel 99.000
pulsa-telkomsel-1779023005469-100,Telkomsel 101.000,Pulsa,TELKOMSEL,9976200,true,Pulsa,TELKOMSEL,Reguler,https://cdn.mobilepulsa.net/img/logo/pulsa/small/telkomsel.png,Telkomsel 101.000
pulsa-telkomsel-1779023005469-101,Telkomsel 102.000,Pulsa,TELKOMSEL,10074900,true,Pulsa,TELKOMSEL,Reguler,https://cdn.mobilepulsa.net/img/logo/pulsa/small/telkomsel.png,Telkomsel 102.000
pulsa-telkomsel-1779023005469-102,Telkomsel 103.000,Pulsa,TELKOMSEL,10173600,true,Pulsa,TELKOMSEL,Reguler,https://cdn.mobilepulsa.net/img/logo/pulsa/small/telkomsel.png,Telkomsel 103.000
pulsa-telkomsel-1779023005469-103,Telkomsel 104.000,Pulsa,TELKOMSEL,10272300,true,Pulsa,TELKOMSEL,Reguler,https://cdn.mobilepulsa.net/img/logo/pulsa/small/telkomsel.png,Telkomsel 104.000
pulsa-telkomsel-1779023005469-104,Telkomsel 105.000,Pulsa,TELKOMSEL,10371000,true,Pulsa,TELKOMSEL,Reguler,https://cdn.mobilepulsa.net/img/logo/pulsa/small/telkomsel.png,Telkomsel 105.000
pulsa-telkomsel-1779023005469-105,Telkomsel 106.000,Pulsa,TELKOMSEL,10469700,true,Pulsa,TELKOMSEL,Reguler,https://cdn.mobilepulsa.net/img/logo/pulsa/small/telkomsel.png,Telkomsel 106.000
pulsa-telkomsel-1779023005469-106,Telkomsel 107.000,Pulsa,TELKOMSEL,10568400,true,Pulsa,TELKOMSEL,Reguler,https://cdn.mobilepulsa.net/img/logo/pulsa/small/telkomsel.png,Telkomsel 107.000
pulsa-telkomsel-1779023005469-107,Telkomsel 108.000,Pulsa,TELKOMSEL,10667100,true,Pulsa,TELKOMSEL,Reguler,https://cdn.mobilepulsa.net/img/logo/pulsa/small/telkomsel.png,Telkomsel 108.000
pulsa-telkomsel-1779023005469-108,Telkomsel 109.000,Pulsa,TELKOMSEL,10765800,true,Pulsa,TELKOMSEL,Reguler,https://cdn.mobilepulsa.net/img/logo/pulsa/small/telkomsel.png,Telkomsel 109.000
pulsa-telkomsel-1779023005469-109,Telkomsel 110.000,Pulsa,TELKOMSEL,10864500,true,Pulsa,TELKOMSEL,Reguler,https://cdn.mobilepulsa.net/img/logo/pulsa/small/telkomsel.png,Telkomsel 110.000
pulsa-telkomsel-1779023005469-110,Telkomsel 111.000,Pulsa,TELKOMSEL,10963200,true,Pulsa,TELKOMSEL,Reguler,https://cdn.mobilepulsa.net/img/logo/pulsa/small/telkomsel.png,Telkomsel 111.000
pulsa-telkomsel-1779023005469-111,Telkomsel 112.000,Pulsa,TELKOMSEL,11061900,true,Pulsa,TELKOMSEL,Reguler,https://cdn.mobilepulsa.net/img/logo/pulsa/small/telkomsel.png,Telkomsel 112.000
pulsa-telkomsel-1779023005469-112,Telkomsel 113.000,Pulsa,TELKOMSEL,11160600,true,Pulsa,TELKOMSEL,Reguler,https://cdn.mobilepulsa.net/img/logo/pulsa/small/telkomsel.png,Telkomsel 113.000
pulsa-telkomsel-1779023005469-113,Telkomsel 114.000,Pulsa,TELKOMSEL,11259300,true,Pulsa,TELKOMSEL,Reguler,https://cdn.mobilepulsa.net/img/logo/pulsa/small/telkomsel.png,Telkomsel 114.000
pulsa-telkomsel-1779023005469-114,Telkomsel 115.000,Pulsa,TELKOMSEL,11358000,true,Pulsa,TELKOMSEL,Reguler,https://cdn.mobilepulsa.net/img/logo/pulsa/small/telkomsel.png,Telkomsel 115.000
pulsa-telkomsel-1779023005469-115,Telkomsel 116.000,Pulsa,TELKOMSEL,11456700,true,Pulsa,TELKOMSEL,Reguler,https://cdn.mobilepulsa.net/img/logo/pulsa/small/telkomsel.png,Telkomsel 116.000
pulsa-telkomsel-1779023005471-116,Telkomsel 117.000,Pulsa,TELKOMSEL,11555400,true,Pulsa,TELKOMSEL,Reguler,https://cdn.mobilepulsa.net/img/logo/pulsa/small/telkomsel.png,Telkomsel 117.000
pulsa-telkomsel-1779023005474-117,Telkomsel 118.000,Pulsa,TELKOMSEL,11654100,true,Pulsa,TELKOMSEL,Reguler,https://cdn.mobilepulsa.net/img/logo/pulsa/small/telkomsel.png,Telkomsel 118.000
pulsa-telkomsel-1779023005474-118,Telkomsel 119.000,Pulsa,TELKOMSEL,11752800,true,Pulsa,TELKOMSEL,Reguler,https://cdn.mobilepulsa.net/img/logo/pulsa/small/telkomsel.png,Telkomsel 119.000
pulsa-telkomsel-1779023005474-119,Telkomsel 120.000,Pulsa,TELKOMSEL,11851500,true,Pulsa,TELKOMSEL,Reguler,https://cdn.mobilepulsa.net/img/logo/pulsa/small/telkomsel.png,Telkomsel 120.000
pulsa-telkomsel-1779023005474-120,Telkomsel 121.000,Pulsa,TELKOMSEL,11950200,true,Pulsa,TELKOMSEL,Reguler,https://cdn.mobilepulsa.net/img/logo/pulsa/small/telkomsel.png,Telkomsel 121.000
pulsa-telkomsel-1779023005474-121,Telkomsel 122.000,Pulsa,TELKOMSEL,12048900,true,Pulsa,TELKOMSEL,Reguler,https://cdn.mobilepulsa.net/img/logo/pulsa/small/telkomsel.png,Telkomsel 122.000
pulsa-telkomsel-1779023005474-122,Telkomsel 123.000,Pulsa,TELKOMSEL,12147600,true,Pulsa,TELKOMSEL,Reguler,https://cdn.mobilepulsa.net/img/logo/pulsa/small/telkomsel.png,Telkomsel 123.000
pulsa-telkomsel-1779023005474-123,Telkomsel 124.000,Pulsa,TELKOMSEL,12246300,true,Pulsa,TELKOMSEL,Reguler,https://cdn.mobilepulsa.net/img/logo/pulsa/small/telkomsel.png,Telkomsel 124.000
pulsa-telkomsel-1779023005474-124,Telkomsel 125.000,Pulsa,TELKOMSEL,12345000,true,Pulsa,TELKOMSEL,Reguler,https://cdn.mobilepulsa.net/img/logo/pulsa/small/telkomsel.png,Telkomsel 125.000
pulsa-telkomsel-1779023005474-125,Telkomsel 126.000,Pulsa,TELKOMSEL,12443700,true,Pulsa,TELKOMSEL,Reguler,https://cdn.mobilepulsa.net/img/logo/pulsa/small/telkomsel.png,Telkomsel 126.000
pulsa-telkomsel-1779023005474-126,Telkomsel 127.000,Pulsa,TELKOMSEL,12542400,true,Pulsa,TELKOMSEL,Reguler,https://cdn.mobilepulsa.net/img/logo/pulsa/small/telkomsel.png,Telkomsel 127.000
pulsa-telkomsel-1779023005474-127,Telkomsel 128.000,Pulsa,TELKOMSEL,12641100,true,Pulsa,TELKOMSEL,Reguler,https://cdn.mobilepulsa.net/img/logo/pulsa/small/telkomsel.png,Telkomsel 128.000
pulsa-telkomsel-1779023005474-128,Telkomsel 129.000,Pulsa,TELKOMSEL,12739800,true,Pulsa,TELKOMSEL,Reguler,https://cdn.mobilepulsa.net/img/logo/pulsa/small/telkomsel.png,Telkomsel 129.000
pulsa-telkomsel-1779023005474-129,Telkomsel 130.000,Pulsa,TELKOMSEL,12838500,true,Pulsa,TELKOMSEL,Reguler,https://cdn.mobilepulsa.net/img/logo/pulsa/small/telkomsel.png,Telkomsel 130.000
pulsa-telkomsel-1779023005474-130,Telkomsel 131.000,Pulsa,TELKOMSEL,12937200,true,Pulsa,TELKOMSEL,Reguler,https://cdn.mobilepulsa.net/img/logo/pulsa/small/telkomsel.png,Telkomsel 131.000
pulsa-telkomsel-1779023005474-131,Telkomsel 132.000,Pulsa,TELKOMSEL,13035900,true,Pulsa,TELKOMSEL,Reguler,https://cdn.mobilepulsa.net/img/logo/pulsa/small/telkomsel.png,Telkomsel 132.000
pulsa-telkomsel-1779023005474-132,Telkomsel 133.000,Pulsa,TELKOMSEL,13134600,true,Pulsa,TELKOMSEL,Reguler,https://cdn.mobilepulsa.net/img/logo/pulsa/small/telkomsel.png,Telkomsel 133.000
pulsa-telkomsel-1779023005474-133,Telkomsel 134.000,Pulsa,TELKOMSEL,13233300,true,Pulsa,TELKOMSEL,Reguler,https://cdn.mobilepulsa.net/img/logo/pulsa/small/telkomsel.png,Telkomsel 134.000
pulsa-telkomsel-1779023005474-134,Telkomsel 135.000,Pulsa,TELKOMSEL,13332000,true,Pulsa,TELKOMSEL,Reguler,https://cdn.mobilepulsa.net/img/logo/pulsa/small/telkomsel.png,Telkomsel 135.000
pulsa-telkomsel-1779023005474-135,Telkomsel 136.000,Pulsa,TELKOMSEL,13430700,true,Pulsa,TELKOMSEL,Reguler,https://cdn.mobilepulsa.net/img/logo/pulsa/small/telkomsel.png,Telkomsel 136.000
pulsa-telkomsel-1779023005474-136,Telkomsel 137.000,Pulsa,TELKOMSEL,13529400,true,Pulsa,TELKOMSEL,Reguler,https://cdn.mobilepulsa.net/img/logo/pulsa/small/telkomsel.png,Telkomsel 137.000
pulsa-telkomsel-1779023005474-137,Telkomsel 138.000,Pulsa,TELKOMSEL,13628100,true,Pulsa,TELKOMSEL,Reguler,https://cdn.mobilepulsa.net/img/logo/pulsa/small/telkomsel.png,Telkomsel 138.000
pulsa-telkomsel-1779023005474-138,Telkomsel 139.000,Pulsa,TELKOMSEL,13726800,true,Pulsa,TELKOMSEL,Reguler,https://cdn.mobilepulsa.net/img/logo/pulsa/small/telkomsel.png,Telkomsel 139.000
pulsa-telkomsel-1779023005474-139,Telkomsel 140.000,Pulsa,TELKOMSEL,13825500,true,Pulsa,TELKOMSEL,Reguler,https://cdn.mobilepulsa.net/img/logo/pulsa/small/telkomsel.png,Telkomsel 140.000
pulsa-telkomsel-1779023005474-140,Telkomsel 141.000,Pulsa,TELKOMSEL,13924200,true,Pulsa,TELKOMSEL,Reguler,https://cdn.mobilepulsa.net/img/logo/pulsa/small/telkomsel.png,Telkomsel 141.000
pulsa-telkomsel-1779023005474-141,Telkomsel 142.000,Pulsa,TELKOMSEL,14022900,true,Pulsa,TELKOMSEL,Reguler,https://cdn.mobilepulsa.net/img/logo/pulsa/small/telkomsel.png,Telkomsel 142.000
pulsa-telkomsel-1779023005474-142,Telkomsel 143.000,Pulsa,TELKOMSEL,14121600,true,Pulsa,TELKOMSEL,Reguler,https://cdn.mobilepulsa.net/img/logo/pulsa/small/telkomsel.png,Telkomsel 143.000
pulsa-telkomsel-1779023005474-143,Telkomsel 144.000,Pulsa,TELKOMSEL,14220300,true,Pulsa,TELKOMSEL,Reguler,https://cdn.mobilepulsa.net/img/logo/pulsa/small/telkomsel.png,Telkomsel 144.000
pulsa-telkomsel-1779023005474-144,Telkomsel 145.000,Pulsa,TELKOMSEL,14319000,true,Pulsa,TELKOMSEL,Reguler,https://cdn.mobilepulsa.net/img/logo/pulsa/small/telkomsel.png,Telkomsel 145.000
pulsa-telkomsel-1779023005474-145,Telkomsel 146.000,Pulsa,TELKOMSEL,14417700,true,Pulsa,TELKOMSEL,Reguler,https://cdn.mobilepulsa.net/img/logo/pulsa/small/telkomsel.png,Telkomsel 146.000
pulsa-telkomsel-1779023005474-146,Telkomsel 150.000,Pulsa,TELKOMSEL,14482500,true,Pulsa,TELKOMSEL,Reguler,https://cdn.mobilepulsa.net/img/logo/pulsa/small/telkomsel.png,Telkomsel 150.000
pulsa-telkomsel-1779023005474-147,Telkomsel 147.000,Pulsa,TELKOMSEL,14516400,true,Pulsa,TELKOMSEL,Reguler,https://cdn.mobilepulsa.net/img/logo/pulsa/small/telkomsel.png,Telkomsel 147.000
pulsa-telkomsel-1779023005474-148,Telkomsel 148.000,Pulsa,TELKOMSEL,14615100,true,Pulsa,TELKOMSEL,Reguler,https://cdn.mobilepulsa.net/img/logo/pulsa/small/telkomsel.png,Telkomsel 148.000
pulsa-telkomsel-1779023005474-149,Telkomsel 149.000,Pulsa,TELKOMSEL,14713800,true,Pulsa,TELKOMSEL,Reguler,https://cdn.mobilepulsa.net/img/logo/pulsa/small/telkomsel.png,Telkomsel 149.000
pulsa-telkomsel-1779023005474-150,Telkomsel 151.000,Pulsa,TELKOMSEL,14911200,true,Pulsa,TELKOMSEL,Reguler,https://cdn.mobilepulsa.net/img/logo/pulsa/small/telkomsel.png,Telkomsel 151.000
pulsa-telkomsel-1779023005474-151,Telkomsel 152.000,Pulsa,TELKOMSEL,15009900,true,Pulsa,TELKOMSEL,Reguler,https://cdn.mobilepulsa.net/img/logo/pulsa/small/telkomsel.png,Telkomsel 152.000
pulsa-telkomsel-1779023005474-152,Telkomsel 153.000,Pulsa,TELKOMSEL,15108600,true,Pulsa,TELKOMSEL,Reguler,https://cdn.mobilepulsa.net/img/logo/pulsa/small/telkomsel.png,Telkomsel 153.000
pulsa-telkomsel-1779023005474-153,Telkomsel 154.000,Pulsa,TELKOMSEL,15207300,true,Pulsa,TELKOMSEL,Reguler,https://cdn.mobilepulsa.net/img/logo/pulsa/small/telkomsel.png,Telkomsel 154.000
pulsa-telkomsel-1779023005474-154,Telkomsel 155.000,Pulsa,TELKOMSEL,15306000,true,Pulsa,TELKOMSEL,Reguler,https://cdn.mobilepulsa.net/img/logo/pulsa/small/telkomsel.png,Telkomsel 155.000
pulsa-telkomsel-1779023005474-155,Telkomsel 156.000,Pulsa,TELKOMSEL,15404700,true,Pulsa,TELKOMSEL,Reguler,https://cdn.mobilepulsa.net/img/logo/pulsa/small/telkomsel.png,Telkomsel 156.000
pulsa-telkomsel-1779023005474-156,Telkomsel 157.000,Pulsa,TELKOMSEL,15503400,true,Pulsa,TELKOMSEL,Reguler,https://cdn.mobilepulsa.net/img/logo/pulsa/small/telkomsel.png,Telkomsel 157.000
pulsa-telkomsel-1779023005474-157,Telkomsel 158.000,Pulsa,TELKOMSEL,15602100,true,Pulsa,TELKOMSEL,Reguler,https://cdn.mobilepulsa.net/img/logo/pulsa/small/telkomsel.png,Telkomsel 158.000
pulsa-telkomsel-1779023005474-158,Telkomsel 159.000,Pulsa,TELKOMSEL,15700800,true,Pulsa,TELKOMSEL,Reguler,https://cdn.mobilepulsa.net/img/logo/pulsa/small/telkomsel.png,Telkomsel 159.000
pulsa-telkomsel-1779023005474-159,Telkomsel 160.000,Pulsa,TELKOMSEL,15799500,true,Pulsa,TELKOMSEL,Reguler,https://cdn.mobilepulsa.net/img/logo/pulsa/small/telkomsel.png,Telkomsel 160.000
pulsa-telkomsel-1779023005474-160,Telkomsel 161.000,Pulsa,TELKOMSEL,15898200,true,Pulsa,TELKOMSEL,Reguler,https://cdn.mobilepulsa.net/img/logo/pulsa/small/telkomsel.png,Telkomsel 161.000
pulsa-telkomsel-1779023005474-161,Telkomsel 162.000,Pulsa,TELKOMSEL,15996900,true,Pulsa,TELKOMSEL,Reguler,https://cdn.mobilepulsa.net/img/logo/pulsa/small/telkomsel.png,Telkomsel 162.000
pulsa-telkomsel-1779023005474-162,Telkomsel 163.000,Pulsa,TELKOMSEL,16095600,true,Pulsa,TELKOMSEL,Reguler,https://cdn.mobilepulsa.net/img/logo/pulsa/small/telkomsel.png,Telkomsel 163.000
pulsa-telkomsel-1779023005474-163,Telkomsel 164.000,Pulsa,TELKOMSEL,16194300,true,Pulsa,TELKOMSEL,Reguler,https://cdn.mobilepulsa.net/img/logo/pulsa/small/telkomsel.png,Telkomsel 164.000
pulsa-telkomsel-1779023005474-164,Telkomsel 165.000,Pulsa,TELKOMSEL,16293000,true,Pulsa,TELKOMSEL,Reguler,https://cdn.mobilepulsa.net/img/logo/pulsa/small/telkomsel.png,Telkomsel 165.000
pulsa-telkomsel-1779023005474-165,Telkomsel 166.000,Pulsa,TELKOMSEL,16391700,true,Pulsa,TELKOMSEL,Reguler,https://cdn.mobilepulsa.net/img/logo/pulsa/small/telkomsel.png,Telkomsel 166.000
pulsa-telkomsel-1779023005474-166,Telkomsel 167.000,Pulsa,TELKOMSEL,16490400,true,Pulsa,TELKOMSEL,Reguler,https://cdn.mobilepulsa.net/img/logo/pulsa/small/telkomsel.png,Telkomsel 167.000
pulsa-telkomsel-1779023005474-167,Telkomsel 168.000,Pulsa,TELKOMSEL,16589100,true,Pulsa,TELKOMSEL,Reguler,https://cdn.mobilepulsa.net/img/logo/pulsa/small/telkomsel.png,Telkomsel 168.000
pulsa-telkomsel-1779023005474-168,Telkomsel 169.000,Pulsa,TELKOMSEL,16687800,true,Pulsa,TELKOMSEL,Reguler,https://cdn.mobilepulsa.net/img/logo/pulsa/small/telkomsel.png,Telkomsel 169.000
pulsa-telkomsel-1779023005474-169,Telkomsel 170.000,Pulsa,TELKOMSEL,16786500,true,Pulsa,TELKOMSEL,Reguler,https://cdn.mobilepulsa.net/img/logo/pulsa/small/telkomsel.png,Telkomsel 170.000
pulsa-telkomsel-1779023005474-170,Telkomsel 171.000,Pulsa,TELKOMSEL,16885200,true,Pulsa,TELKOMSEL,Reguler,https://cdn.mobilepulsa.net/img/logo/pulsa/small/telkomsel.png,Telkomsel 171.000
pulsa-telkomsel-1779023005474-171,Telkomsel 172.000,Pulsa,TELKOMSEL,16983900,true,Pulsa,TELKOMSEL,Reguler,https://cdn.mobilepulsa.net/img/logo/pulsa/small/telkomsel.png,Telkomsel 172.000
pulsa-telkomsel-1779023005474-172,Telkomsel 173.000,Pulsa,TELKOMSEL,17082600,true,Pulsa,TELKOMSEL,Reguler,https://cdn.mobilepulsa.net/img/logo/pulsa/small/telkomsel.png,Telkomsel 173.000
pulsa-telkomsel-1779023005474-173,Telkomsel 174.000,Pulsa,TELKOMSEL,17181300,true,Pulsa,TELKOMSEL,Reguler,https://cdn.mobilepulsa.net/img/logo/pulsa/small/telkomsel.png,Telkomsel 174.000
pulsa-telkomsel-1779023005474-174,Telkomsel 175.000,Pulsa,TELKOMSEL,17280000,true,Pulsa,TELKOMSEL,Reguler,https://cdn.mobilepulsa.net/img/logo/pulsa/small/telkomsel.png,Telkomsel 175.000
pulsa-telkomsel-1779023005474-175,Telkomsel 176.000,Pulsa,TELKOMSEL,17378700,true,Pulsa,TELKOMSEL,Reguler,https://cdn.mobilepulsa.net/img/logo/pulsa/small/telkomsel.png,Telkomsel 176.000
pulsa-telkomsel-1779023005474-176,Telkomsel 177.000,Pulsa,TELKOMSEL,17477400,true,Pulsa,TELKOMSEL,Reguler,https://cdn.mobilepulsa.net/img/logo/pulsa/small/telkomsel.png,Telkomsel 177.000
pulsa-telkomsel-1779023005474-177,Telkomsel 178.000,Pulsa,TELKOMSEL,17576100,true,Pulsa,TELKOMSEL,Reguler,https://cdn.mobilepulsa.net/img/logo/pulsa/small/telkomsel.png,Telkomsel 178.000
pulsa-telkomsel-1779023005474-178,Telkomsel 179.000,Pulsa,TELKOMSEL,17674800,true,Pulsa,TELKOMSEL,Reguler,https://cdn.mobilepulsa.net/img/logo/pulsa/small/telkomsel.png,Telkomsel 179.000
pulsa-telkomsel-1779023005474-179,Telkomsel 180.000,Pulsa,TELKOMSEL,17773500,true,Pulsa,TELKOMSEL,Reguler,https://cdn.mobilepulsa.net/img/logo/pulsa/small/telkomsel.png,Telkomsel 180.000
pulsa-telkomsel-1779023005474-180,Telkomsel 181.000,Pulsa,TELKOMSEL,17872200,true,Pulsa,TELKOMSEL,Reguler,https://cdn.mobilepulsa.net/img/logo/pulsa/small/telkomsel.png,Telkomsel 181.000
pulsa-telkomsel-1779023005474-181,Telkomsel 182.000,Pulsa,TELKOMSEL,17970900,true,Pulsa,TELKOMSEL,Reguler,https://cdn.mobilepulsa.net/img/logo/pulsa/small/telkomsel.png,Telkomsel 182.000
pulsa-telkomsel-1779023005474-182,Telkomsel 183.000,Pulsa,TELKOMSEL,18069600,true,Pulsa,TELKOMSEL,Reguler,https://cdn.mobilepulsa.net/img/logo/pulsa/small/telkomsel.png,Telkomsel 183.000
pulsa-telkomsel-1779023005474-183,Telkomsel 184.000,Pulsa,TELKOMSEL,18168300,true,Pulsa,TELKOMSEL,Reguler,https://cdn.mobilepulsa.net/img/logo/pulsa/small/telkomsel.png,Telkomsel 184.000
pulsa-telkomsel-1779023005474-184,Telkomsel 185.000,Pulsa,TELKOMSEL,18267000,true,Pulsa,TELKOMSEL,Reguler,https://cdn.mobilepulsa.net/img/logo/pulsa/small/telkomsel.png,Telkomsel 185.000
pulsa-telkomsel-1779023005474-185,Telkomsel 186.000,Pulsa,TELKOMSEL,18365700,true,Pulsa,TELKOMSEL,Reguler,https://cdn.mobilepulsa.net/img/logo/pulsa/small/telkomsel.png,Telkomsel 186.000
pulsa-telkomsel-1779023005474-186,Telkomsel 187.000,Pulsa,TELKOMSEL,18464400,true,Pulsa,TELKOMSEL,Reguler,https://cdn.mobilepulsa.net/img/logo/pulsa/small/telkomsel.png,Telkomsel 187.000
pulsa-telkomsel-1779023005474-187,Telkomsel 188.000,Pulsa,TELKOMSEL,18563100,true,Pulsa,TELKOMSEL,Reguler,https://cdn.mobilepulsa.net/img/logo/pulsa/small/telkomsel.png,Telkomsel 188.000
pulsa-telkomsel-1779023005474-188,Telkomsel 189.000,Pulsa,TELKOMSEL,18661800,true,Pulsa,TELKOMSEL,Reguler,https://cdn.mobilepulsa.net/img/logo/pulsa/small/telkomsel.png,Telkomsel 189.000
pulsa-telkomsel-1779023005474-189,Telkomsel 190.000,Pulsa,TELKOMSEL,18758000,true,Pulsa,TELKOMSEL,Reguler,https://cdn.mobilepulsa.net/img/logo/pulsa/small/telkomsel.png,Telkomsel 190.000
pulsa-telkomsel-1779023005474-190,Telkomsel 191.000,Pulsa,TELKOMSEL,18859200,true,Pulsa,TELKOMSEL,Reguler,https://cdn.mobilepulsa.net/img/logo/pulsa/small/telkomsel.png,Telkomsel 191.000
pulsa-telkomsel-1779023005474-191,Telkomsel 192.000,Pulsa,TELKOMSEL,18957900,true,Pulsa,TELKOMSEL,Reguler,https://cdn.mobilepulsa.net/img/logo/pulsa/small/telkomsel.png,Telkomsel 192.000
pulsa-telkomsel-1779023005474-192,Telkomsel 193.000,Pulsa,TELKOMSEL,19056600,true,Pulsa,TELKOMSEL,Reguler,https://cdn.mobilepulsa.net/img/logo/pulsa/small/telkomsel.png,Telkomsel 193.000
pulsa-telkomsel-1779023005474-193,Telkomsel 194.000,Pulsa,TELKOMSEL,19155300,true,Pulsa,TELKOMSEL,Reguler,https://cdn.mobilepulsa.net/img/logo/pulsa/small/telkomsel.png,Telkomsel 194.000
pulsa-telkomsel-1779023005474-194,Telkomsel 195.000,Pulsa,TELKOMSEL,19254000,true,Pulsa,TELKOMSEL,Reguler,https://cdn.mobilepulsa.net/img/logo/pulsa/small/telkomsel.png,Telkomsel 195.000
pulsa-telkomsel-1779023005474-195,Telkomsel 200.000,Pulsa,TELKOMSEL,19312500,true,Pulsa,TELKOMSEL,Reguler,https://cdn.mobilepulsa.net/img/logo/pulsa/small/telkomsel.png,Telkomsel 200.000
pulsa-telkomsel-1779023005474-196,Telkomsel 196.000,Pulsa,TELKOMSEL,19352700,true,Pulsa,TELKOMSEL,Reguler,https://cdn.mobilepulsa.net/img/logo/pulsa/small/telkomsel.png,Telkomsel 196.000
pulsa-telkomsel-1779023005474-197,Telkomsel 197.000,Pulsa,TELKOMSEL,19451400,true,Pulsa,TELKOMSEL,Reguler,https://cdn.mobilepulsa.net/img/logo/pulsa/small/telkomsel.png,Telkomsel 197.000
pulsa-telkomsel-1779023005474-198,Telkomsel 198.000,Pulsa,TELKOMSEL,19550100,true,Pulsa,TELKOMSEL,Reguler,https://cdn.mobilepulsa.net/img/logo/pulsa/small/telkomsel.png,Telkomsel 198.000
pulsa-telkomsel-1779023005474-199,Telkomsel 199.000,Pulsa,TELKOMSEL,19648800,true,Pulsa,TELKOMSEL,Reguler,https://cdn.mobilepulsa.net/img/logo/pulsa/small/telkomsel.png,Telkomsel 199.000
pulsa-telkomsel-1779023005474-200,Telkomsel 205.000,Pulsa,TELKOMSEL,20241000,true,Pulsa,TELKOMSEL,Reguler,https://cdn.mobilepulsa.net/img/logo/pulsa/small/telkomsel.png,Telkomsel 205.000
pulsa-telkomsel-1779023005474-201,Telkomsel 210.000,Pulsa,TELKOMSEL,20734500,true,Pulsa,TELKOMSEL,Reguler,https://cdn.mobilepulsa.net/img/logo/pulsa/small/telkomsel.png,Telkomsel 210.000
pulsa-telkomsel-1779023005474-202,Telkomsel 215.000,Pulsa,TELKOMSEL,21228000,true,Pulsa,TELKOMSEL,Reguler,https://cdn.mobilepulsa.net/img/logo/pulsa/small/telkomsel.png,Telkomsel 215.000
pulsa-telkomsel-1779023005474-203,Telkomsel 220.000,Pulsa,TELKOMSEL,21721500,true,Pulsa,TELKOMSEL,Reguler,https://cdn.mobilepulsa.net/img/logo/pulsa/small/telkomsel.png,Telkomsel 220.000
pulsa-telkomsel-1779023005474-204,Telkomsel 225.000,Pulsa,TELKOMSEL,22215000,true,Pulsa,TELKOMSEL,Reguler,https://cdn.mobilepulsa.net/img/logo/pulsa/small/telkomsel.png,Telkomsel 225.000
pulsa-telkomsel-1779023005474-205,Telkomsel 230.000,Pulsa,TELKOMSEL,22708500,true,Pulsa,TELKOMSEL,Reguler,https://cdn.mobilepulsa.net/img/logo/pulsa/small/telkomsel.png,Telkomsel 230.000
pulsa-telkomsel-1779023005474-206,Telkomsel 235.000,Pulsa,TELKOMSEL,23202000,true,Pulsa,TELKOMSEL,Reguler,https://cdn.mobilepulsa.net/img/logo/pulsa/small/telkomsel.png,Telkomsel 235.000
pulsa-telkomsel-1779023005474-207,Telkomsel 240.000,Pulsa,TELKOMSEL,23695500,true,Pulsa,TELKOMSEL,Reguler,https://cdn.mobilepulsa.net/img/logo/pulsa/small/telkomsel.png,Telkomsel 240.000
pulsa-telkomsel-1779023005474-208,Telkomsel 245.000,Pulsa,TELKOMSEL,24189000,true,Pulsa,TELKOMSEL,Reguler,https://cdn.mobilepulsa.net/img/logo/pulsa/small/telkomsel.png,Telkomsel 245.000
pulsa-telkomsel-1779023005474-209,Telkomsel 246.000,Pulsa,TELKOMSEL,24287700,true,Pulsa,TELKOMSEL,Reguler,https://cdn.mobilepulsa.net/img/logo/pulsa/small/telkomsel.png,Telkomsel 246.000
pulsa-telkomsel-1779023005474-210,Telkomsel 247.000,Pulsa,TELKOMSEL,24386400,true,Pulsa,TELKOMSEL,Reguler,https://cdn.mobilepulsa.net/img/logo/pulsa/small/telkomsel.png,Telkomsel 247.000
pulsa-telkomsel-1779023005474-211,Telkomsel 248.000,Pulsa,TELKOMSEL,24485100,true,Pulsa,TELKOMSEL,Reguler,https://cdn.mobilepulsa.net/img/logo/pulsa/small/telkomsel.png,Telkomsel 248.000
pulsa-telkomsel-1779023005474-212,Telkomsel 249.000,Pulsa,TELKOMSEL,24583800,true,Pulsa,TELKOMSEL,Reguler,https://cdn.mobilepulsa.net/img/logo/pulsa/small/telkomsel.png,Telkomsel 249.000
pulsa-telkomsel-1779023005474-213,Telkomsel 250.000,Pulsa,TELKOMSEL,24695000,true,Pulsa,TELKOMSEL,Reguler,https://cdn.mobilepulsa.net/img/logo/pulsa/small/telkomsel.png,Telkomsel 250.000
pulsa-telkomsel-1779023005474-214,Telkomsel 251.000,Pulsa,TELKOMSEL,24781200,true,Pulsa,TELKOMSEL,Reguler,https://cdn.mobilepulsa.net/img/logo/pulsa/small/telkomsel.png,Telkomsel 251.000
pulsa-telkomsel-1779023005474-215,Telkomsel 252.000,Pulsa,TELKOMSEL,24879900,true,Pulsa,TELKOMSEL,Reguler,https://cdn.mobilepulsa.net/img/logo/pulsa/small/telkomsel.png,Telkomsel 252.000
pulsa-telkomsel-1779023005474-216,Telkomsel 253.000,Pulsa,TELKOMSEL,24978600,true,Pulsa,TELKOMSEL,Reguler,https://cdn.mobilepulsa.net/img/logo/pulsa/small/telkomsel.png,Telkomsel 253.000
pulsa-telkomsel-1779023005474-217,Telkomsel 254.000,Pulsa,TELKOMSEL,25077300,true,Pulsa,TELKOMSEL,Reguler,https://cdn.mobilepulsa.net/img/logo/pulsa/small/telkomsel.png,Telkomsel 254.000
pulsa-telkomsel-1779023005474-218,Telkomsel 255.000,Pulsa,TELKOMSEL,25176000,true,Pulsa,TELKOMSEL,Reguler,https://cdn.mobilepulsa.net/img/logo/pulsa/small/telkomsel.png,Telkomsel 255.000
pulsa-telkomsel-1779023005474-219,Telkomsel 256.000,Pulsa,TELKOMSEL,25274700,true,Pulsa,TELKOMSEL,Reguler,https://cdn.mobilepulsa.net/img/logo/pulsa/small/telkomsel.png,Telkomsel 256.000
pulsa-telkomsel-1779023005474-220,Telkomsel 257.000,Pulsa,TELKOMSEL,25373400,true,Pulsa,TELKOMSEL,Reguler,https://cdn.mobilepulsa.net/img/logo/pulsa/small/telkomsel.png,Telkomsel 257.000
pulsa-telkomsel-1779023005474-221,Telkomsel 258.000,Pulsa,TELKOMSEL,25472100,true,Pulsa,TELKOMSEL,Reguler,https://cdn.mobilepulsa.net/img/logo/pulsa/small/telkomsel.png,Telkomsel 258.000
pulsa-telkomsel-1779023005474-222,Telkomsel 259.000,Pulsa,TELKOMSEL,25570800,true,Pulsa,TELKOMSEL,Reguler,https://cdn.mobilepulsa.net/img/logo/pulsa/small/telkomsel.png,Telkomsel 259.000
pulsa-telkomsel-1779023005474-223,Telkomsel 260.000,Pulsa,TELKOMSEL,25669500,true,Pulsa,TELKOMSEL,Reguler,https://cdn.mobilepulsa.net/img/logo/pulsa/small/telkomsel.png,Telkomsel 260.000
pulsa-telkomsel-1779023005474-224,Telkomsel 261.000,Pulsa,TELKOMSEL,25768200,true,Pulsa,TELKOMSEL,Reguler,https://cdn.mobilepulsa.net/img/logo/pulsa/small/telkomsel.png,Telkomsel 261.000
pulsa-telkomsel-1779023005474-225,Telkomsel 262.000,Pulsa,TELKOMSEL,25866900,true,Pulsa,TELKOMSEL,Reguler,https://cdn.mobilepulsa.net/img/logo/pulsa/small/telkomsel.png,Telkomsel 262.000
pulsa-telkomsel-1779023005474-226,Telkomsel 263.000,Pulsa,TELKOMSEL,25965600,true,Pulsa,TELKOMSEL,Reguler,https://cdn.mobilepulsa.net/img/logo/pulsa/small/telkomsel.png,Telkomsel 263.000
pulsa-telkomsel-1779023005474-227,Telkomsel 264.000,Pulsa,TELKOMSEL,26064300,true,Pulsa,TELKOMSEL,Reguler,https://cdn.mobilepulsa.net/img/logo/pulsa/small/telkomsel.png,Telkomsel 264.000
pulsa-telkomsel-1779023005474-228,Telkomsel 265.000,Pulsa,TELKOMSEL,26163000,true,Pulsa,TELKOMSEL,Reguler,https://cdn.mobilepulsa.net/img/logo/pulsa/small/telkomsel.png,Telkomsel 265.000
pulsa-telkomsel-1779023005474-229,Telkomsel 266.000,Pulsa,TELKOMSEL,26261700,true,Pulsa,TELKOMSEL,Reguler,https://cdn.mobilepulsa.net/img/logo/pulsa/small/telkomsel.png,Telkomsel 266.000
pulsa-telkomsel-1779023005474-230,Telkomsel 267.000,Pulsa,TELKOMSEL,26360400,true,Pulsa,TELKOMSEL,Reguler,https://cdn.mobilepulsa.net/img/logo/pulsa/small/telkomsel.png,Telkomsel 267.000
pulsa-telkomsel-1779023005474-231,Telkomsel 268.000,Pulsa,TELKOMSEL,26459100,true,Pulsa,TELKOMSEL,Reguler,https://cdn.mobilepulsa.net/img/logo/pulsa/small/telkomsel.png,Telkomsel 268.000
pulsa-telkomsel-1779023005474-232,Telkomsel 269.000,Pulsa,TELKOMSEL,26557800,true,Pulsa,TELKOMSEL,Reguler,https://cdn.mobilepulsa.net/img/logo/pulsa/small/telkomsel.png,Telkomsel 269.000
pulsa-telkomsel-1779023005474-233,Telkomsel 270.000,Pulsa,TELKOMSEL,26656500,true,Pulsa,TELKOMSEL,Reguler,https://cdn.mobilepulsa.net/img/logo/pulsa/small/telkomsel.png,Telkomsel 270.000
pulsa-telkomsel-1779023005474-234,Telkomsel 271.000,Pulsa,TELKOMSEL,26755200,true,Pulsa,TELKOMSEL,Reguler,https://cdn.mobilepulsa.net/img/logo/pulsa/small/telkomsel.png,Telkomsel 271.000
pulsa-telkomsel-1779023005474-235,Telkomsel 272.000,Pulsa,TELKOMSEL,26853900,true,Pulsa,TELKOMSEL,Reguler,https://cdn.mobilepulsa.net/img/logo/pulsa/small/telkomsel.png,Telkomsel 272.000
pulsa-telkomsel-1779023005474-236,Telkomsel 273.000,Pulsa,TELKOMSEL,26952600,true,Pulsa,TELKOMSEL,Reguler,https://cdn.mobilepulsa.net/img/logo/pulsa/small/telkomsel.png,Telkomsel 273.000
pulsa-telkomsel-1779023005474-237,Telkomsel 274.000,Pulsa,TELKOMSEL,27051300,true,Pulsa,TELKOMSEL,Reguler,https://cdn.mobilepulsa.net/img/logo/pulsa/small/telkomsel.png,Telkomsel 274.000
pulsa-telkomsel-1779023005474-238,Telkomsel 275.000,Pulsa,TELKOMSEL,27162500,true,Pulsa,TELKOMSEL,Reguler,https://cdn.mobilepulsa.net/img/logo/pulsa/small/telkomsel.png,Telkomsel 275.000
pulsa-telkomsel-1779023005474-239,Telkomsel 276.000,Pulsa,TELKOMSEL,27248700,true,Pulsa,TELKOMSEL,Reguler,https://cdn.mobilepulsa.net/img/logo/pulsa/small/telkomsel.png,Telkomsel 276.000
pulsa-telkomsel-1779023005474-240,Telkomsel 277.000,Pulsa,TELKOMSEL,27347400,true,Pulsa,TELKOMSEL,Reguler,https://cdn.mobilepulsa.net/img/logo/pulsa/small/telkomsel.png,Telkomsel 277.000
pulsa-telkomsel-1779023005474-241,Telkomsel 278.000,Pulsa,TELKOMSEL,27446100,true,Pulsa,TELKOMSEL,Reguler,https://cdn.mobilepulsa.net/img/logo/pulsa/small/telkomsel.png,Telkomsel 278.000
pulsa-telkomsel-1779023005474-242,Telkomsel 279.000,Pulsa,TELKOMSEL,27544800,true,Pulsa,TELKOMSEL,Reguler,https://cdn.mobilepulsa.net/img/logo/pulsa/small/telkomsel.png,Telkomsel 279.000
pulsa-telkomsel-1779023005474-243,Telkomsel 280.000,Pulsa,TELKOMSEL,27643500,true,Pulsa,TELKOMSEL,Reguler,https://cdn.mobilepulsa.net/img/logo/pulsa/small/telkomsel.png,Telkomsel 280.000
pulsa-telkomsel-1779023005474-244,Telkomsel 281.000,Pulsa,TELKOMSEL,27742200,true,Pulsa,TELKOMSEL,Reguler,https://cdn.mobilepulsa.net/img/logo/pulsa/small/telkomsel.png,Telkomsel 281.000
pulsa-telkomsel-1779023005474-245,Telkomsel 282.000,Pulsa,TELKOMSEL,27840900,true,Pulsa,TELKOMSEL,Reguler,https://cdn.mobilepulsa.net/img/logo/pulsa/small/telkomsel.png,Telkomsel 282.000
pulsa-telkomsel-1779023005474-246,Telkomsel 283.000,Pulsa,TELKOMSEL,27939600,true,Pulsa,TELKOMSEL,Reguler,https://cdn.mobilepulsa.net/img/logo/pulsa/small/telkomsel.png,Telkomsel 283.000
pulsa-telkomsel-1779023005474-247,Telkomsel 284.000,Pulsa,TELKOMSEL,28038300,true,Pulsa,TELKOMSEL,Reguler,https://cdn.mobilepulsa.net/img/logo/pulsa/small/telkomsel.png,Telkomsel 284.000
pulsa-telkomsel-1779023005474-248,Telkomsel 285.000,Pulsa,TELKOMSEL,28137000,true,Pulsa,TELKOMSEL,Reguler,https://cdn.mobilepulsa.net/img/logo/pulsa/small/telkomsel.png,Telkomsel 285.000
pulsa-telkomsel-1779023005474-249,Telkomsel 286.000,Pulsa,TELKOMSEL,28235700,true,Pulsa,TELKOMSEL,Reguler,https://cdn.mobilepulsa.net/img/logo/pulsa/small/telkomsel.png,Telkomsel 286.000
pulsa-telkomsel-1779023005474-250,Telkomsel 287.000,Pulsa,TELKOMSEL,28334400,true,Pulsa,TELKOMSEL,Reguler,https://cdn.mobilepulsa.net/img/logo/pulsa/small/telkomsel.png,Telkomsel 287.000
pulsa-telkomsel-1779023005474-251,Telkomsel 288.000,Pulsa,TELKOMSEL,28433100,true,Pulsa,TELKOMSEL,Reguler,https://cdn.mobilepulsa.net/img/logo/pulsa/small/telkomsel.png,Telkomsel 288.000
pulsa-telkomsel-1779023005474-252,Telkomsel 289.000,Pulsa,TELKOMSEL,28531800,true,Pulsa,TELKOMSEL,Reguler,https://cdn.mobilepulsa.net/img/logo/pulsa/small/telkomsel.png,Telkomsel 289.000
pulsa-telkomsel-1779023005474-253,Telkomsel 290.000,Pulsa,TELKOMSEL,28630500,true,Pulsa,TELKOMSEL,Reguler,https://cdn.mobilepulsa.net/img/logo/pulsa/small/telkomsel.png,Telkomsel 290.000
pulsa-telkomsel-1779023005474-254,Telkomsel 291.000,Pulsa,TELKOMSEL,28729200,true,Pulsa,TELKOMSEL,Reguler,https://cdn.mobilepulsa.net/img/logo/pulsa/small/telkomsel.png,Telkomsel 291.000
pulsa-telkomsel-1779023005474-255,Telkomsel 292.000,Pulsa,TELKOMSEL,28827900,true,Pulsa,TELKOMSEL,Reguler,https://cdn.mobilepulsa.net/img/logo/pulsa/small/telkomsel.png,Telkomsel 292.000
pulsa-telkomsel-1779023005474-256,Telkomsel 293.000,Pulsa,TELKOMSEL,28926600,true,Pulsa,TELKOMSEL,Reguler,https://cdn.mobilepulsa.net/img/logo/pulsa/small/telkomsel.png,Telkomsel 293.000
pulsa-telkomsel-1779023005475-257,Telkomsel 300.000,Pulsa,TELKOMSEL,28962500,true,Pulsa,TELKOMSEL,Reguler,https://cdn.mobilepulsa.net/img/logo/pulsa/small/telkomsel.png,Telkomsel 300.000
pulsa-telkomsel-1779023005475-258,Telkomsel 294.000,Pulsa,TELKOMSEL,29025300,true,Pulsa,TELKOMSEL,Reguler,https://cdn.mobilepulsa.net/img/logo/pulsa/small/telkomsel.png,Telkomsel 294.000
pulsa-telkomsel-1779023005475-259,Telkomsel 295.000,Pulsa,TELKOMSEL,29124000,true,Pulsa,TELKOMSEL,Reguler,https://cdn.mobilepulsa.net/img/logo/pulsa/small/telkomsel.png,Telkomsel 295.000
pulsa-telkomsel-1779023005475-260,Telkomsel 296.000,Pulsa,TELKOMSEL,29222700,true,Pulsa,TELKOMSEL,Reguler,https://cdn.mobilepulsa.net/img/logo/pulsa/small/telkomsel.png,Telkomsel 296.000
pulsa-telkomsel-1779023005475-261,Telkomsel 297.000,Pulsa,TELKOMSEL,29321400,true,Pulsa,TELKOMSEL,Reguler,https://cdn.mobilepulsa.net/img/logo/pulsa/small/telkomsel.png,Telkomsel 297.000
pulsa-telkomsel-1779023005475-262,Telkomsel 298.000,Pulsa,TELKOMSEL,29420100,true,Pulsa,TELKOMSEL,Reguler,https://cdn.mobilepulsa.net/img/logo/pulsa/small/telkomsel.png,Telkomsel 298.000
pulsa-telkomsel-1779023005475-263,Telkomsel 299.000,Pulsa,TELKOMSEL,29518800,true,Pulsa,TELKOMSEL,Reguler,https://cdn.mobilepulsa.net/img/logo/pulsa/small/telkomsel.png,Telkomsel 299.000
pulsa-telkomsel-1779023005475-264,Telkomsel 325.000,Pulsa,TELKOMSEL,32220000,true,Pulsa,TELKOMSEL,Reguler,https://cdn.mobilepulsa.net/img/logo/pulsa/small/telkomsel.png,Telkomsel 325.000
pulsa-telkomsel-1779023005475-265,Telkomsel 350.000,Pulsa,TELKOMSEL,34582500,true,Pulsa,TELKOMSEL,Reguler,https://cdn.mobilepulsa.net/img/logo/pulsa/small/telkomsel.png,Telkomsel 350.000
pulsa-telkomsel-1779023005475-266,Telkomsel 375.000,Pulsa,TELKOMSEL,37200000,true,Pulsa,TELKOMSEL,Reguler,https://cdn.mobilepulsa.net/img/logo/pulsa/small/telkomsel.png,Telkomsel 375.000
pulsa-telkomsel-1779023005475-267,Telkomsel 400.000,Pulsa,TELKOMSEL,39602500,true,Pulsa,TELKOMSEL,Reguler,https://cdn.mobilepulsa.net/img/logo/pulsa/small/telkomsel.png,Telkomsel 400.000
pulsa-telkomsel-1779023005475-268,Telkomsel 425.000,Pulsa,TELKOMSEL,41992500,true,Pulsa,TELKOMSEL,Reguler,https://cdn.mobilepulsa.net/img/logo/pulsa/small/telkomsel.png,Telkomsel 425.000
pulsa-telkomsel-1779023005475-269,Telkomsel 450.000,Pulsa,TELKOMSEL,44462500,true,Pulsa,TELKOMSEL,Reguler,https://cdn.mobilepulsa.net/img/logo/pulsa/small/telkomsel.png,Telkomsel 450.000
pulsa-telkomsel-1779023005475-270,Telkomsel 475.000,Pulsa,TELKOMSEL,46932500,true,Pulsa,TELKOMSEL,Reguler,https://cdn.mobilepulsa.net/img/logo/pulsa/small/telkomsel.png,Telkomsel 475.000
pulsa-telkomsel-1779023005475-271,Telkomsel 500.000,Pulsa,TELKOMSEL,49402500,true,Pulsa,TELKOMSEL,Reguler,https://cdn.mobilepulsa.net/img/logo/pulsa/small/telkomsel.png,Telkomsel 500.000
pulsa-telkomsel-1779023005475-272,Telkomsel 1.000.000,Pulsa,TELKOMSEL,98802500,true,Pulsa,TELKOMSEL,Reguler,https://cdn.mobilepulsa.net/img/logo/pulsa/small/telkomsel.png,Telkomsel 1.000.000
pulsa-xl-1779023005475-273,Xl 5.000,Pulsa,XL,470000,true,Pulsa,XL,Reguler,https://cdn.mobilepulsa.net/img/logo/pulsa/small/xl.png,Xl 5.000
pulsa-xl-1779023005475-274,Xl 10.000,Pulsa,XL,930000,true,Pulsa,XL,Reguler,https://cdn.mobilepulsa.net/img/logo/pulsa/small/xl.png,Xl 10.000
pulsa-xl-1779023005475-275,Xl 15.000,Pulsa,XL,1390000,true,Pulsa,XL,Reguler,https://cdn.mobilepulsa.net/img/logo/pulsa/small/xl.png,Xl 15.000
pulsa-xl-1779023005475-276,Xl 25.000,Pulsa,XL,2330000,true,Pulsa,XL,Reguler,https://cdn.mobilepulsa.net/img/logo/pulsa/small/xl.png,Xl 25.000
pulsa-xl-1779023005475-277,XL 30.000,Pulsa,XL,2850000,true,Pulsa,XL,Reguler,https://cdn.mobilepulsa.net/img/logo/pulsa/small/xl.png,XL 30.000
pulsa-xl-1779023005475-278,XL 40.000,Pulsa,XL,3815000,true,Pulsa,XL,Reguler,https://cdn.mobilepulsa.net/img/logo/pulsa/small/xl.png,XL 40.000
pulsa-xl-1779023005475-279,Xl 50.000,Pulsa,XL,4720000,true,Pulsa,XL,Reguler,https://cdn.mobilepulsa.net/img/logo/pulsa/small/xl.png,Xl 50.000
pulsa-xl-1779023005475-280,Xl 60.000,Pulsa,XL,5900000,true,Pulsa,XL,Reguler,https://cdn.mobilepulsa.net/img/logo/pulsa/small/xl.png,Xl 60.000
pulsa-xl-1779023005475-281,Xl 70.000,Pulsa,XL,6922500,true,Pulsa,XL,Reguler,https://cdn.mobilepulsa.net/img/logo/pulsa/small/xl.png,Xl 70.000
pulsa-xl-1779023005475-282,Xl 80.000,Pulsa,XL,7900000,true,Pulsa,XL,Reguler,https://cdn.mobilepulsa.net/img/logo/pulsa/small/xl.png,Xl 80.000
pulsa-xl-1779023005475-283,Xl 90.000,Pulsa,XL,8925000,true,Pulsa,XL,Reguler,https://cdn.mobilepulsa.net/img/logo/pulsa/small/xl.png,Xl 90.000
pulsa-xl-1779023005475-284,Xl 100.000,Pulsa,XL,9650000,true,Pulsa,XL,Reguler,https://cdn.mobilepulsa.net/img/logo/pulsa/small/xl.png,Xl 100.000
pulsa-xl-1779023005475-285,Xl 150.000,Pulsa,XL,14962500,true,Pulsa,XL,Reguler,https://cdn.mobilepulsa.net/img/logo/pulsa/small/xl.png,Xl 150.000
pulsa-xl-1779023005475-286,Xl 200.000,Pulsa,XL,19917500,true,Pulsa,XL,Reguler,https://cdn.mobilepulsa.net/img/logo/pulsa/small/xl.png,Xl 200.000
pulsa-xl-1779023005475-287,Xl 300.000,Pulsa,XL,29887500,true,Pulsa,XL,Reguler,https://cdn.mobilepulsa.net/img/logo/pulsa/small/xl.png,Xl 300.000
pulsa-xl-1779023005475-288,Xl 500.000,Pulsa,XL,49679500,true,Pulsa,XL,Reguler,https://cdn.mobilepulsa.net/img/logo/pulsa/small/xl.png,Xl 500.000
pulsa-xl-1779023005475-289,Xl 1.000.000,Pulsa,XL,99547000,true,Pulsa,XL,Reguler,https://cdn.mobilepulsa.net/img/logo/pulsa/small/xl.png,Xl 1.000.000
pulsa-indosat-1779023005475-290,Indosat 5.000,Pulsa,INDOSAT,479000,true,Pulsa,INDOSAT,Reguler,https://cdn.mobilepulsa.net/img/logo/pulsa/small/indosat.png,Indosat 5.000
pulsa-indosat-1779023005475-291,Indosat 10.000,Pulsa,INDOSAT,975000,true,Pulsa,INDOSAT,Reguler,https://cdn.mobilepulsa.net/img/logo/pulsa/small/indosat.png,Indosat 10.000
pulsa-indosat-1779023005475-292,Indosat 12.000,Pulsa,INDOSAT,1146000,true,Pulsa,INDOSAT,Reguler,https://cdn.mobilepulsa.net/img/logo/pulsa/small/indosat.png,Indosat 12.000
pulsa-indosat-1779023005475-293,Indosat 15.000,Pulsa,INDOSAT,1395000,true,Pulsa,INDOSAT,Reguler,https://cdn.mobilepulsa.net/img/logo/pulsa/small/indosat.png,Indosat 15.000
pulsa-indosat-1779023005475-294,Indosat 20.000,Pulsa,INDOSAT,1905000,true,Pulsa,INDOSAT,Reguler,https://cdn.mobilepulsa.net/img/logo/pulsa/small/indosat.png,Indosat 20.000
pulsa-indosat-1779023005475-295,Indosat 25.000,Pulsa,INDOSAT,2305000,true,Pulsa,INDOSAT,Reguler,https://cdn.mobilepulsa.net/img/logo/pulsa/small/indosat.png,Indosat 25.000
pulsa-indosat-1779023005475-296,Indosat 30.000,Pulsa,INDOSAT,2840000,true,Pulsa,INDOSAT,Reguler,https://cdn.mobilepulsa.net/img/logo/pulsa/small/indosat.png,Indosat 30.000
pulsa-indosat-1779023005475-297,Indosat 35.000,Pulsa,INDOSAT,3492000,true,Pulsa,INDOSAT,Reguler,https://cdn.mobilepulsa.net/img/logo/pulsa/small/indosat.png,Indosat 35.000
pulsa-indosat-1779023005475-298,Indosat 40.000,Pulsa,INDOSAT,3875000,true,Pulsa,INDOSAT,Reguler,https://cdn.mobilepulsa.net/img/logo/pulsa/small/indosat.png,Indosat 40.000
pulsa-indosat-1779023005475-299,Indosat 45.000,Pulsa,INDOSAT,4429700,true,Pulsa,INDOSAT,Reguler,https://cdn.mobilepulsa.net/img/logo/pulsa/small/indosat.png,Indosat 45.000
pulsa-indosat-1779023005475-300,Indosat 50.000,Pulsa,INDOSAT,4650000,true,Pulsa,INDOSAT,Reguler,https://cdn.mobilepulsa.net/img/logo/pulsa/small/indosat.png,Indosat 50.000
pulsa-indosat-1779023005475-301,Indosat 55.000,Pulsa,INDOSAT,5402700,true,Pulsa,INDOSAT,Reguler,https://cdn.mobilepulsa.net/img/logo/pulsa/small/indosat.png,Indosat 55.000
pulsa-indosat-1779023005475-302,Indosat 60.000,Pulsa,INDOSAT,5730000,true,Pulsa,INDOSAT,Reguler,https://cdn.mobilepulsa.net/img/logo/pulsa/small/indosat.png,Indosat 60.000
pulsa-indosat-1779023005475-303,Indosat 65.000,Pulsa,INDOSAT,6375700,true,Pulsa,INDOSAT,Reguler,https://cdn.mobilepulsa.net/img/logo/pulsa/small/indosat.png,Indosat 65.000
pulsa-indosat-1779023005475-304,Indosat 70.000,Pulsa,INDOSAT,6680000,true,Pulsa,INDOSAT,Reguler,https://cdn.mobilepulsa.net/img/logo/pulsa/small/indosat.png,Indosat 70.000
pulsa-indosat-1779023005475-305,Indosat 80.000,Pulsa,INDOSAT,7661500,true,Pulsa,INDOSAT,Reguler,https://cdn.mobilepulsa.net/img/logo/pulsa/small/indosat.png,Indosat 80.000
pulsa-indosat-1779023005475-306,Indosat 85.000,Pulsa,INDOSAT,8293500,true,Pulsa,INDOSAT,Reguler,https://cdn.mobilepulsa.net/img/logo/pulsa/small/indosat.png,Indosat 85.000
pulsa-indosat-1779023005475-307,Indosat 90.000,Pulsa,INDOSAT,8644500,true,Pulsa,INDOSAT,Reguler,https://cdn.mobilepulsa.net/img/logo/pulsa/small/indosat.png,Indosat 90.000
pulsa-indosat-1779023005475-308,Indosat 100.000,Pulsa,INDOSAT,9250000,true,Pulsa,INDOSAT,Reguler,https://cdn.mobilepulsa.net/img/logo/pulsa/small/indosat.png,Indosat 100.000
pulsa-indosat-1779023005491-309,Indosat 105.000,Pulsa,INDOSAT,10267700,true,Pulsa,INDOSAT,Reguler,https://cdn.mobilepulsa.net/img/logo/pulsa/small/indosat.png,Indosat 105.000
pulsa-indosat-1779023005491-310,Indosat 115.000,Pulsa,INDOSAT,11240700,true,Pulsa,INDOSAT,Reguler,https://cdn.mobilepulsa.net/img/logo/pulsa/small/indosat.png,Indosat 115.000
pulsa-indosat-1779023005491-311,Indosat 125.000,Pulsa,INDOSAT,11824000,true,Pulsa,INDOSAT,Reguler,https://cdn.mobilepulsa.net/img/logo/pulsa/small/indosat.png,Indosat 125.000
pulsa-indosat-1779023005491-312,Indosat 150.000,Pulsa,INDOSAT,14199600,true,Pulsa,INDOSAT,Reguler,https://cdn.mobilepulsa.net/img/logo/pulsa/small/indosat.png,Indosat 150.000
pulsa-indosat-1779023005491-313,Indosat 175.000,Pulsa,INDOSAT,17117000,true,Pulsa,INDOSAT,Reguler,https://cdn.mobilepulsa.net/img/logo/pulsa/small/indosat.png,Indosat 175.000
pulsa-indosat-1779023005491-314,Indosat 200.000,Pulsa,INDOSAT,19048700,true,Pulsa,INDOSAT,Reguler,https://cdn.mobilepulsa.net/img/logo/pulsa/small/indosat.png,Indosat 200.000
pulsa-indosat-1779023005491-315,Indosat 225.000,Pulsa,INDOSAT,22019600,true,Pulsa,INDOSAT,Reguler,https://cdn.mobilepulsa.net/img/logo/pulsa/small/indosat.png,Indosat 225.000
pulsa-indosat-1779023005491-316,Indosat 250.000,Pulsa,INDOSAT,24427100,true,Pulsa,INDOSAT,Reguler,https://cdn.mobilepulsa.net/img/logo/pulsa/small/indosat.png,Indosat 250.000
pulsa-indosat-1779023005491-317,Indosat 300.000,Pulsa,INDOSAT,28801000,true,Pulsa,INDOSAT,Reguler,https://cdn.mobilepulsa.net/img/logo/pulsa/small/indosat.png,Indosat 300.000
pulsa-indosat-1779023005491-318,Indosat 340.000,Pulsa,INDOSAT,33156100,true,Pulsa,INDOSAT,Reguler,https://cdn.mobilepulsa.net/img/logo/pulsa/small/indosat.png,Indosat 340.000
pulsa-indosat-1779023005491-319,Indosat 400.000,Pulsa,INDOSAT,38650800,true,Pulsa,INDOSAT,Reguler,https://cdn.mobilepulsa.net/img/logo/pulsa/small/indosat.png,Indosat 400.000
pulsa-indosat-1779023005491-320,Indosat 500.000,Pulsa,INDOSAT,47500000,true,Pulsa,INDOSAT,Reguler,https://cdn.mobilepulsa.net/img/logo/pulsa/small/indosat.png,Indosat 500.000
pulsa-indosat-1779023005491-321,Indosat 1.000.000,Pulsa,INDOSAT,98540000,true,Pulsa,INDOSAT,Reguler,https://cdn.mobilepulsa.net/img/logo/pulsa/small/indosat.png,Indosat 1.000.000
pulsa-indosat-1779023005491-322,Indosat 12.000 + 1 GB,Pulsa,INDOSAT,1901000,true,Pulsa,INDOSAT,"Semua Kuota 24 jam, masa aktif 30 hari, bisa digabung dengan paket data yang sudah ada",https://cdn.mobilepulsa.net/img/logo/pulsa/small/indosat.png,Indosat 12.000 + 1 GB
pulsa-indosat-1779023005492-323,Indosat 15.000 + 1 GB,Pulsa,INDOSAT,2251000,true,Pulsa,INDOSAT,"Semua Kuota 24 jam, masa aktif 30 hari, bisa digabung dengan paket data yang sudah ada",https://cdn.mobilepulsa.net/img/logo/pulsa/small/indosat.png,Indosat 15.000 + 1 GB
pulsa-indosat-1779023005492-324,Indosat 20.000 + 500 MB,Pulsa,INDOSAT,2391000,true,Pulsa,INDOSAT,"Semua Kuota 24 jam, masa aktif 30 hari, bisa digabung dengan paket data yang sudah ada",https://cdn.mobilepulsa.net/img/logo/pulsa/small/indosat.png,Indosat 20.000 + 500 MB
pulsa-indosat-1779023005492-325,Indosat 20.000 + 1 GB,Pulsa,INDOSAT,2652500,true,Pulsa,INDOSAT,"Semua Kuota 24 jam, masa aktif 30 hari, bisa digabung dengan paket data yang sudah ada",https://cdn.mobilepulsa.net/img/logo/pulsa/small/indosat.png,Indosat 20.000 + 1 GB
pulsa-indosat-1779023005492-326,Indosat 25.000 + 500 MB,Pulsa,INDOSAT,2872500,true,Pulsa,INDOSAT,"Semua Kuota 24 jam, masa aktif 30 hari, bisa digabung dengan paket data yang sudah ada",https://cdn.mobilepulsa.net/img/logo/pulsa/small/indosat.png,Indosat 25.000 + 500 MB
pulsa-indosat-1779023005492-327,Indosat 25.000 + 1 GB,Pulsa,INDOSAT,3152500,true,Pulsa,INDOSAT,"Semua Kuota 24 jam, masa aktif 30 hari, bisa digabung dengan paket data yang sudah ada",https://cdn.mobilepulsa.net/img/logo/pulsa/small/indosat.png,Indosat 25.000 + 1 GB
pulsa-tri-1779023005492-328,Three 5.000,Pulsa,TRI,449000,true,Pulsa,TRI,Reguler,https://cdn.mobilepulsa.net/img/logo/pulsa/small/tri.png,Three 5.000
pulsa-tri-1779023005492-329,Three 10.000,Pulsa,TRI,900000,true,Pulsa,TRI,Reguler,https://cdn.mobilepulsa.net/img/logo/pulsa/small/tri.png,Three 10.000
pulsa-tri-1779023005492-330,Three 15.000,Pulsa,TRI,1377000,true,Pulsa,TRI,Reguler,https://cdn.mobilepulsa.net/img/logo/pulsa/small/tri.png,Three 15.000
pulsa-tri-1779023005492-331,Three 20.000,Pulsa,TRI,1810000,true,Pulsa,TRI,Reguler,https://cdn.mobilepulsa.net/img/logo/pulsa/small/tri.png,Three 20.000
pulsa-tri-1779023005492-332,Three 25.000,Pulsa,TRI,2315000,true,Pulsa,TRI,Reguler,https://cdn.mobilepulsa.net/img/logo/pulsa/small/tri.png,Three 25.000
pulsa-tri-1779023005492-333,Three 30.000,Pulsa,TRI,2820000,true,Pulsa,TRI,Reguler,https://cdn.mobilepulsa.net/img/logo/pulsa/small/tri.png,Three 30.000
pulsa-tri-1779023005492-334,Three 35.000,Pulsa,TRI,3388000,true,Pulsa,TRI,Reguler,https://cdn.mobilepulsa.net/img/logo/pulsa/small/tri.png,Three 35.000
pulsa-tri-1779023005492-335,Three 40.000,Pulsa,TRI,3770000,true,Pulsa,TRI,Reguler,https://cdn.mobilepulsa.net/img/logo/pulsa/small/tri.png,Three 40.000
pulsa-tri-1779023005492-336,Three 45.000,Pulsa,TRI,4082500,true,Pulsa,TRI,Reguler,https://cdn.mobilepulsa.net/img/logo/pulsa/small/tri.png,Three 45.000
pulsa-tri-1779023005492-337,Three 50.000,Pulsa,TRI,4614500,true,Pulsa,TRI,Reguler,https://cdn.mobilepulsa.net/img/logo/pulsa/small/tri.png,Three 50.000
pulsa-tri-1779023005492-338,Three 55.000,Pulsa,TRI,4995000,true,Pulsa,TRI,Reguler,https://cdn.mobilepulsa.net/img/logo/pulsa/small/tri.png,Three 55.000
pulsa-tri-1779023005492-339,Three 60.000,Pulsa,TRI,5504500,true,Pulsa,TRI,Reguler,https://cdn.mobilepulsa.net/img/logo/pulsa/small/tri.png,Three 60.000
pulsa-tri-1779023005492-340,Three 65.000,Pulsa,TRI,5865600,true,Pulsa,TRI,Reguler,https://cdn.mobilepulsa.net/img/logo/pulsa/small/tri.png,Three 65.000
pulsa-tri-1779023005493-341,Three 70.000,Pulsa,TRI,6417500,true,Pulsa,TRI,Reguler,https://cdn.mobilepulsa.net/img/logo/pulsa/small/tri.png,Three 70.000
pulsa-tri-1779023005493-342,Three 75.000,Pulsa,TRI,6780000,true,Pulsa,TRI,Reguler,https://cdn.mobilepulsa.net/img/logo/pulsa/small/tri.png,Three 75.000
pulsa-tri-1779023005493-343,Three 80.000,Pulsa,TRI,7350000,true,Pulsa,TRI,Reguler,https://cdn.mobilepulsa.net/img/logo/pulsa/small/tri.png,Three 80.000
pulsa-tri-1779023005493-344,Three 85.000,Pulsa,TRI,7632500,true,Pulsa,TRI,Reguler,https://cdn.mobilepulsa.net/img/logo/pulsa/small/tri.png,Three 85.000
pulsa-tri-1779023005493-345,Three 90.000,Pulsa,TRI,8480000,true,Pulsa,TRI,Reguler,https://cdn.mobilepulsa.net/img/logo/pulsa/small/tri.png,Three 90.000
pulsa-tri-1779023005493-346,Three 100.000,Pulsa,TRI,9200000,true,Pulsa,TRI,Reguler,https://cdn.mobilepulsa.net/img/logo/pulsa/small/tri.png,Three 100.000
pulsa-tri-1779023005493-347,Three 95.000,Pulsa,TRI,9239800,true,Pulsa,TRI,Reguler,https://cdn.mobilepulsa.net/img/logo/pulsa/small/tri.png,Three 95.000
pulsa-tri-1779023005493-348,Three 125.000,Pulsa,TRI,11649300,true,Pulsa,TRI,Reguler,https://cdn.mobilepulsa.net/img/logo/pulsa/small/tri.png,Three 125.000
pulsa-tri-1779023005493-349,Three 150.000,Pulsa,TRI,13986000,true,Pulsa,TRI,Reguler,https://cdn.mobilepulsa.net/img/logo/pulsa/small/tri.png,Three 150.000
pulsa-tri-1779023005493-350,Three 200.000,Pulsa,TRI,18761000,true,Pulsa,TRI,Reguler,https://cdn.mobilepulsa.net/img/logo/pulsa/small/tri.png,Three 200.000
pulsa-tri-1779023005493-351,Three 250.000,Pulsa,TRI,23876000,true,Pulsa,TRI,Reguler,https://cdn.mobilepulsa.net/img/logo/pulsa/small/tri.png,Three 250.000
pulsa-tri-1779023005493-352,Three 300.000,Pulsa,TRI,27790000,true,Pulsa,TRI,Reguler,https://cdn.mobilepulsa.net/img/logo/pulsa/small/tri.png,Three 300.000
pulsa-tri-1779023005493-353,Three 400.000,Pulsa,TRI,38889000,true,Pulsa,TRI,Reguler,https://cdn.mobilepulsa.net/img/logo/pulsa/small/tri.png,Three 400.000
pulsa-tri-1779023005493-354,Three 500.000,Pulsa,TRI,46851300,true,Pulsa,TRI,Reguler,https://cdn.mobilepulsa.net/img/logo/pulsa/small/tri.png,Three 500.000
pulsa-tri-1779023005493-355,Three 1.000.000,Pulsa,TRI,98000000,true,Pulsa,TRI,Reguler,https://cdn.mobilepulsa.net/img/logo/pulsa/small/tri.png,Three 1.000.000
pulsa-smartfren-1779023005493-356,Smartfren 2.000,Pulsa,SMARTFREN,194900,true,Pulsa,SMARTFREN,Reguler,https://cdn.mobilepulsa.net/img/logo/pulsa/small/smartfren.png,Smartfren 2.000
pulsa-smartfren-1779023005493-357,Smartfren 3.000,Pulsa,SMARTFREN,291500,true,Pulsa,SMARTFREN,Reguler,https://cdn.mobilepulsa.net/img/logo/pulsa/small/smartfren.png,Smartfren 3.000
pulsa-smartfren-1779023005493-358,Smartfren 4.000,Pulsa,SMARTFREN,388500,true,Pulsa,SMARTFREN,Reguler,https://cdn.mobilepulsa.net/img/logo/pulsa/small/smartfren.png,Smartfren 4.000
pulsa-smartfren-1779023005493-359,Smartfren 5.000,Pulsa,SMARTFREN,420000,true,Pulsa,SMARTFREN,Reguler,https://cdn.mobilepulsa.net/img/logo/pulsa/small/smartfren.png,Smartfren 5.000
pulsa-smartfren-1779023005493-360,Smartfren 6.000,Pulsa,SMARTFREN,582500,true,Pulsa,SMARTFREN,Reguler,https://cdn.mobilepulsa.net/img/logo/pulsa/small/smartfren.png,Smartfren 6.000
pulsa-smartfren-1779023005493-361,Smartfren 7.000,Pulsa,SMARTFREN,677200,true,Pulsa,SMARTFREN,Reguler,https://cdn.mobilepulsa.net/img/logo/pulsa/small/smartfren.png,Smartfren 7.000
pulsa-smartfren-1779023005493-362,Smartfren 8.000,Pulsa,SMARTFREN,773700,true,Pulsa,SMARTFREN,Reguler,https://cdn.mobilepulsa.net/img/logo/pulsa/small/smartfren.png,Smartfren 8.000
pulsa-smartfren-1779023005493-363,Smartfren 9.000,Pulsa,SMARTFREN,873500,true,Pulsa,SMARTFREN,Reguler,https://cdn.mobilepulsa.net/img/logo/pulsa/small/smartfren.png,Smartfren 9.000
pulsa-smartfren-1779023005493-364,Smartfren 10.000,Pulsa,SMARTFREN,890000,true,Pulsa,SMARTFREN,Reguler,https://cdn.mobilepulsa.net/img/logo/pulsa/small/smartfren.png,Smartfren 10.000
pulsa-smartfren-1779023005493-365,Smartfren 11.000,Pulsa,SMARTFREN,1068000,true,Pulsa,SMARTFREN,Reguler,https://cdn.mobilepulsa.net/img/logo/pulsa/small/smartfren.png,Smartfren 11.000
pulsa-smartfren-1779023005493-366,Smartfren 12.000,Pulsa,SMARTFREN,1176600,true,Pulsa,SMARTFREN,Reguler,https://cdn.mobilepulsa.net/img/logo/pulsa/small/smartfren.png,Smartfren 12.000
pulsa-smartfren-1779023005493-367,Smartfren 15.000,Pulsa,SMARTFREN,1399000,true,Pulsa,SMARTFREN,Reguler,https://cdn.mobilepulsa.net/img/logo/pulsa/small/smartfren.png,Smartfren 15.000
pulsa-smartfren-1779023005493-368,Smartfren 20.000,Pulsa,SMARTFREN,1840000,true,Pulsa,SMARTFREN,Reguler,https://cdn.mobilepulsa.net/img/logo/pulsa/small/smartfren.png,Smartfren 20.000
pulsa-smartfren-1779023005493-369,Smartfren 25.000,Pulsa,SMARTFREN,2290000,true,Pulsa,SMARTFREN,Reguler,https://cdn.mobilepulsa.net/img/logo/pulsa/small/smartfren.png,Smartfren 25.000
pulsa-smartfren-1779023005493-370,Smartfren 30.000,Pulsa,SMARTFREN,2817500,true,Pulsa,SMARTFREN,Reguler,https://cdn.mobilepulsa.net/img/logo/pulsa/small/smartfren.png,Smartfren 30.000
pulsa-smartfren-1779023005493-371,Smartfren 35.000,Pulsa,SMARTFREN,3277500,true,Pulsa,SMARTFREN,Reguler,https://cdn.mobilepulsa.net/img/logo/pulsa/small/smartfren.png,Smartfren 35.000
pulsa-smartfren-1779023005493-372,Smartfren 40.000,Pulsa,SMARTFREN,3775000,true,Pulsa,SMARTFREN,Reguler,https://cdn.mobilepulsa.net/img/logo/pulsa/small/smartfren.png,Smartfren 40.000
pulsa-smartfren-1779023005493-373,Smartfren 45.000,Pulsa,SMARTFREN,4199000,true,Pulsa,SMARTFREN,Reguler,https://cdn.mobilepulsa.net/img/logo/pulsa/small/smartfren.png,Smartfren 45.000
pulsa-smartfren-1779023005493-374,Smartfren 50.000,Pulsa,SMARTFREN,4675000,true,Pulsa,SMARTFREN,Reguler,https://cdn.mobilepulsa.net/img/logo/pulsa/small/smartfren.png,Smartfren 50.000
pulsa-smartfren-1779023005493-375,Smartfren 55.000,Pulsa,SMARTFREN,5160000,true,Pulsa,SMARTFREN,Reguler,https://cdn.mobilepulsa.net/img/logo/pulsa/small/smartfren.png,Smartfren 55.000
pulsa-smartfren-1779023005493-376,Smartfren 60.000,Pulsa,SMARTFREN,5655000,true,Pulsa,SMARTFREN,Reguler,https://cdn.mobilepulsa.net/img/logo/pulsa/small/smartfren.png,Smartfren 60.000
pulsa-smartfren-1779023005493-377,Smartfren 65.000,Pulsa,SMARTFREN,6180000,true,Pulsa,SMARTFREN,Reguler,https://cdn.mobilepulsa.net/img/logo/pulsa/small/smartfren.png,Smartfren 65.000
pulsa-smartfren-1779023005493-378,Smartfren 70.000,Pulsa,SMARTFREN,6700000,true,Pulsa,SMARTFREN,Reguler,https://cdn.mobilepulsa.net/img/logo/pulsa/small/smartfren.png,Smartfren 70.000
pulsa-smartfren-1779023005493-379,Smartfren 72.000,Pulsa,SMARTFREN,7052500,true,Pulsa,SMARTFREN,Reguler,https://cdn.mobilepulsa.net/img/logo/pulsa/small/smartfren.png,Smartfren 72.000
pulsa-smartfren-1779023005493-380,Smartfren 75.000,Pulsa,SMARTFREN,7175000,true,Pulsa,SMARTFREN,Reguler,https://cdn.mobilepulsa.net/img/logo/pulsa/small/smartfren.png,Smartfren 75.000
pulsa-smartfren-1779023005493-381,Smartfren 80.000,Pulsa,SMARTFREN,7495000,true,Pulsa,SMARTFREN,Reguler,https://cdn.mobilepulsa.net/img/logo/pulsa/small/smartfren.png,Smartfren 80.000
pulsa-smartfren-1779023005493-382,Smartfren 85.000,Pulsa,SMARTFREN,8090000,true,Pulsa,SMARTFREN,Reguler,https://cdn.mobilepulsa.net/img/logo/pulsa/small/smartfren.png,Smartfren 85.000
pulsa-smartfren-1779023005493-383,Smartfren 90.000,Pulsa,SMARTFREN,8482500,true,Pulsa,SMARTFREN,Reguler,https://cdn.mobilepulsa.net/img/logo/pulsa/small/smartfren.png,Smartfren 90.000
pulsa-smartfren-1779023005493-384,Smartfren 95.000,Pulsa,SMARTFREN,9065000,true,Pulsa,SMARTFREN,Reguler,https://cdn.mobilepulsa.net/img/logo/pulsa/small/smartfren.png,Smartfren 95.000
pulsa-smartfren-1779023005493-385,Smartfren 100.000,Pulsa,SMARTFREN,9370000,true,Pulsa,SMARTFREN,Reguler,https://cdn.mobilepulsa.net/img/logo/pulsa/small/smartfren.png,Smartfren 100.000
pulsa-smartfren-1779023005493-386,Smartfren 125.000,Pulsa,SMARTFREN,12215500,true,Pulsa,SMARTFREN,Reguler,https://cdn.mobilepulsa.net/img/logo/pulsa/small/smartfren.png,Smartfren 125.000
pulsa-smartfren-1779023005493-387,Smartfren 150.000,Pulsa,SMARTFREN,14617600,true,Pulsa,SMARTFREN,Reguler,https://cdn.mobilepulsa.net/img/logo/pulsa/small/smartfren.png,Smartfren 150.000
pulsa-smartfren-1779023005493-388,Smartfren 200.000,Pulsa,SMARTFREN,19497500,true,Pulsa,SMARTFREN,Reguler,https://cdn.mobilepulsa.net/img/logo/pulsa/small/smartfren.png,Smartfren 200.000
pulsa-smartfren-1779023005493-389,Smartfren 300.000,Pulsa,SMARTFREN,24722500,true,Pulsa,SMARTFREN,Reguler,https://cdn.mobilepulsa.net/img/logo/pulsa/small/smartfren.png,Smartfren 300.000
pulsa-smartfren-1779023005493-390,Smartfren 250.000,Pulsa,SMARTFREN,24907500,true,Pulsa,SMARTFREN,Reguler,https://cdn.mobilepulsa.net/img/logo/pulsa/small/smartfren.png,Smartfren 250.000
pulsa-smartfren-1779023005493-391,Smartfren 400.000,Pulsa,SMARTFREN,38853200,true,Pulsa,SMARTFREN,Reguler,https://cdn.mobilepulsa.net/img/logo/pulsa/small/smartfren.png,Smartfren 400.000
pulsa-smartfren-1779023005493-392,Smartfren 500.000,Pulsa,SMARTFREN,48747500,true,Pulsa,SMARTFREN,Reguler,https://cdn.mobilepulsa.net/img/logo/pulsa/small/smartfren.png,Smartfren 500.000
pulsa-smartfren-1779023005493-393,Smartfren 600.000,Pulsa,SMARTFREN,58902500,true,Pulsa,SMARTFREN,Reguler,https://cdn.mobilepulsa.net/img/logo/pulsa/small/smartfren.png,Smartfren 600.000
pulsa-smartfren-1779023005493-394,Smartfren 700.000,Pulsa,SMARTFREN,68782500,true,Pulsa,SMARTFREN,Reguler,https://cdn.mobilepulsa.net/img/logo/pulsa/small/smartfren.png,Smartfren 700.000
pulsa-smartfren-1779023005493-395,Smartfren 800.000,Pulsa,SMARTFREN,78582500,true,Pulsa,SMARTFREN,Reguler,https://cdn.mobilepulsa.net/img/logo/pulsa/small/smartfren.png,Smartfren 800.000
pulsa-smartfren-1779023005493-396,Smartfren 900.000,Pulsa,SMARTFREN,88582500,true,Pulsa,SMARTFREN,Reguler,https://cdn.mobilepulsa.net/img/logo/pulsa/small/smartfren.png,Smartfren 900.000
pulsa-smartfren-1779023005493-397,Smartfren 1.000.000,Pulsa,SMARTFREN,97607500,true,Pulsa,SMARTFREN,Reguler,https://cdn.mobilepulsa.net/img/logo/pulsa/small/smartfren.png,Smartfren 1.000.000
pulsa-by.u-1779023005493-398,by.U 1.000,Pulsa,BY.U,184100,true,Pulsa,BY.U,Reguler,https://cdn.mobilepulsa.net/img/logo/pulsa/small/by.u.png,by.U 1.000
pulsa-by.u-1779023005493-399,by.U 2.000,Pulsa,BY.U,268000,true,Pulsa,BY.U,Reguler,https://cdn.mobilepulsa.net/img/logo/pulsa/small/by.u.png,by.U 2.000
pulsa-by.u-1779023005493-400,by.U 3.000,Pulsa,BY.U,370500,true,Pulsa,BY.U,Reguler,https://cdn.mobilepulsa.net/img/logo/pulsa/small/by.u.png,by.U 3.000
pulsa-by.u-1779023005493-401,by.U 4.000,Pulsa,BY.U,439200,true,Pulsa,BY.U,Reguler,https://cdn.mobilepulsa.net/img/logo/pulsa/small/by.u.png,by.U 4.000
pulsa-by.u-1779023005493-402,by.U 5.000,Pulsa,BY.U,490000,true,Pulsa,BY.U,Reguler,https://cdn.mobilepulsa.net/img/logo/pulsa/small/by.u.png,by.U 5.000
pulsa-by.u-1779023005493-403,by.U 6.000,Pulsa,BY.U,670000,true,Pulsa,BY.U,Reguler,https://cdn.mobilepulsa.net/img/logo/pulsa/small/by.u.png,by.U 6.000
pulsa-by.u-1779023005493-404,by.U 7.000,Pulsa,BY.U,770500,true,Pulsa,BY.U,Reguler,https://cdn.mobilepulsa.net/img/logo/pulsa/small/by.u.png,by.U 7.000
pulsa-by.u-1779023005493-405,by.U 8.000,Pulsa,BY.U,870500,true,Pulsa,BY.U,Reguler,https://cdn.mobilepulsa.net/img/logo/pulsa/small/by.u.png,by.U 8.000
pulsa-by.u-1779023005494-406,by.U 9.000,Pulsa,BY.U,970500,true,Pulsa,BY.U,Reguler,https://cdn.mobilepulsa.net/img/logo/pulsa/small/by.u.png,by.U 9.000
pulsa-by.u-1779023005494-407,by.U 10.000,Pulsa,BY.U,986200,true,Pulsa,BY.U,Reguler,https://cdn.mobilepulsa.net/img/logo/pulsa/small/by.u.png,by.U 10.000
pulsa-by.u-1779023005494-408,by.U 11.000,Pulsa,BY.U,1173500,true,Pulsa,BY.U,Reguler,https://cdn.mobilepulsa.net/img/logo/pulsa/small/by.u.png,by.U 11.000
pulsa-by.u-1779023005494-409,by.U 12.000,Pulsa,BY.U,1273500,true,Pulsa,BY.U,Reguler,https://cdn.mobilepulsa.net/img/logo/pulsa/small/by.u.png,by.U 12.000
pulsa-by.u-1779023005494-410,by.U 13.000,Pulsa,BY.U,1373500,true,Pulsa,BY.U,Reguler,https://cdn.mobilepulsa.net/img/logo/pulsa/small/by.u.png,by.U 13.000
pulsa-by.u-1779023005494-411,by.U 15.000,Pulsa,BY.U,1467500,true,Pulsa,BY.U,Reguler,https://cdn.mobilepulsa.net/img/logo/pulsa/small/by.u.png,by.U 15.000
pulsa-by.u-1779023005494-412,by.U 14.000,Pulsa,BY.U,1473500,true,Pulsa,BY.U,Reguler,https://cdn.mobilepulsa.net/img/logo/pulsa/small/by.u.png,by.U 14.000
pulsa-by.u-1779023005494-413,by.U 16.000,Pulsa,BY.U,1665000,true,Pulsa,BY.U,Reguler,https://cdn.mobilepulsa.net/img/logo/pulsa/small/by.u.png,by.U 16.000
pulsa-by.u-1779023005494-414,by.U 17.000,Pulsa,BY.U,1767500,true,Pulsa,BY.U,Reguler,https://cdn.mobilepulsa.net/img/logo/pulsa/small/by.u.png,by.U 17.000
pulsa-by.u-1779023005494-415,by.U 18.000,Pulsa,BY.U,1867500,true,Pulsa,BY.U,Reguler,https://cdn.mobilepulsa.net/img/logo/pulsa/small/by.u.png,by.U 18.000
pulsa-by.u-1779023005494-416,by.U 20.000,Pulsa,BY.U,1960000,true,Pulsa,BY.U,Reguler,https://cdn.mobilepulsa.net/img/logo/pulsa/small/by.u.png,by.U 20.000
pulsa-by.u-1779023005494-417,by.U 19.000,Pulsa,BY.U,1967500,true,Pulsa,BY.U,Reguler,https://cdn.mobilepulsa.net/img/logo/pulsa/small/by.u.png,by.U 19.000
pulsa-by.u-1779023005494-418,by.U 21.000,Pulsa,BY.U,2176000,true,Pulsa,BY.U,Reguler,https://cdn.mobilepulsa.net/img/logo/pulsa/small/by.u.png,by.U 21.000
pulsa-by.u-1779023005494-419,by.U 22.000,Pulsa,BY.U,2276000,true,Pulsa,BY.U,Reguler,https://cdn.mobilepulsa.net/img/logo/pulsa/small/by.u.png,by.U 22.000
pulsa-by.u-1779023005494-420,by.U 23.000,Pulsa,BY.U,2376000,true,Pulsa,BY.U,Reguler,https://cdn.mobilepulsa.net/img/logo/pulsa/small/by.u.png,by.U 23.000
pulsa-by.u-1779023005494-421,by.U 25.000,Pulsa,BY.U,2442500,true,Pulsa,BY.U,Reguler,https://cdn.mobilepulsa.net/img/logo/pulsa/small/by.u.png,by.U 25.000
pulsa-by.u-1779023005494-422,by.U 24.000,Pulsa,BY.U,2476000,true,Pulsa,BY.U,Reguler,https://cdn.mobilepulsa.net/img/logo/pulsa/small/by.u.png,by.U 24.000
pulsa-by.u-1779023005494-423,by.U 26.000,Pulsa,BY.U,2576500,true,Pulsa,BY.U,Reguler,https://cdn.mobilepulsa.net/img/logo/pulsa/small/by.u.png,by.U 26.000
pulsa-by.u-1779023005494-424,by.U 27.000,Pulsa,BY.U,2675500,true,Pulsa,BY.U,Reguler,https://cdn.mobilepulsa.net/img/logo/pulsa/small/by.u.png,by.U 27.000
pulsa-by.u-1779023005494-425,by.U 28.000,Pulsa,BY.U,2774500,true,Pulsa,BY.U,Reguler,https://cdn.mobilepulsa.net/img/logo/pulsa/small/by.u.png,by.U 28.000
pulsa-by.u-1779023005494-426,by.U 29.000,Pulsa,BY.U,2873500,true,Pulsa,BY.U,Reguler,https://cdn.mobilepulsa.net/img/logo/pulsa/small/by.u.png,by.U 29.000
pulsa-by.u-1779023005494-427,by.U 30.000,Pulsa,BY.U,2950000,true,Pulsa,BY.U,Reguler,https://cdn.mobilepulsa.net/img/logo/pulsa/small/by.u.png,by.U 30.000
pulsa-by.u-1779023005494-428,by.U 31.000,Pulsa,BY.U,3072500,true,Pulsa,BY.U,Reguler,https://cdn.mobilepulsa.net/img/logo/pulsa/small/by.u.png,by.U 31.000
pulsa-by.u-1779023005494-429,by.U 32.000,Pulsa,BY.U,3170000,true,Pulsa,BY.U,Reguler,https://cdn.mobilepulsa.net/img/logo/pulsa/small/by.u.png,by.U 32.000
pulsa-by.u-1779023005494-430,by.U 33.000,Pulsa,BY.U,3270000,true,Pulsa,BY.U,Reguler,https://cdn.mobilepulsa.net/img/logo/pulsa/small/by.u.png,by.U 33.000
pulsa-by.u-1779023005494-431,by.U 34.000,Pulsa,BY.U,3368000,true,Pulsa,BY.U,Reguler,https://cdn.mobilepulsa.net/img/logo/pulsa/small/by.u.png,by.U 34.000
pulsa-by.u-1779023005494-432,by.U 35.000,Pulsa,BY.U,3450500,true,Pulsa,BY.U,Reguler,https://cdn.mobilepulsa.net/img/logo/pulsa/small/by.u.png,by.U 35.000
pulsa-by.u-1779023005494-433,by.U 36.000,Pulsa,BY.U,3565500,true,Pulsa,BY.U,Reguler,https://cdn.mobilepulsa.net/img/logo/pulsa/small/by.u.png,by.U 36.000
pulsa-by.u-1779023005494-434,by.U 37.000,Pulsa,BY.U,3665000,true,Pulsa,BY.U,Reguler,https://cdn.mobilepulsa.net/img/logo/pulsa/small/by.u.png,by.U 37.000
pulsa-by.u-1779023005494-435,by.U 38.000,Pulsa,BY.U,3763500,true,Pulsa,BY.U,Reguler,https://cdn.mobilepulsa.net/img/logo/pulsa/small/by.u.png,by.U 38.000
pulsa-by.u-1779023005494-436,by.U 39.000,Pulsa,BY.U,3862500,true,Pulsa,BY.U,Reguler,https://cdn.mobilepulsa.net/img/logo/pulsa/small/by.u.png,by.U 39.000
pulsa-by.u-1779023005494-437,by.U 40.000,Pulsa,BY.U,3902500,true,Pulsa,BY.U,Reguler,https://cdn.mobilepulsa.net/img/logo/pulsa/small/by.u.png,by.U 40.000
pulsa-by.u-1779023005494-438,by.U 41.000,Pulsa,BY.U,4060000,true,Pulsa,BY.U,Reguler,https://cdn.mobilepulsa.net/img/logo/pulsa/small/by.u.png,by.U 41.000
pulsa-by.u-1779023005494-439,by.U 42.000,Pulsa,BY.U,4160000,true,Pulsa,BY.U,Reguler,https://cdn.mobilepulsa.net/img/logo/pulsa/small/by.u.png,by.U 42.000
pulsa-by.u-1779023005494-440,by.U 43.000,Pulsa,BY.U,4258500,true,Pulsa,BY.U,Reguler,https://cdn.mobilepulsa.net/img/logo/pulsa/small/by.u.png,by.U 43.000
pulsa-by.u-1779023005494-441,by.U 44.000,Pulsa,BY.U,4357500,true,Pulsa,BY.U,Reguler,https://cdn.mobilepulsa.net/img/logo/pulsa/small/by.u.png,by.U 44.000
pulsa-by.u-1779023005494-442,by.U 45.000,Pulsa,BY.U,4435300,true,Pulsa,BY.U,Reguler,https://cdn.mobilepulsa.net/img/logo/pulsa/small/by.u.png,by.U 45.000
pulsa-by.u-1779023005494-443,by.U 46.000,Pulsa,BY.U,4555000,true,Pulsa,BY.U,Reguler,https://cdn.mobilepulsa.net/img/logo/pulsa/small/by.u.png,by.U 46.000
pulsa-by.u-1779023005494-444,by.U 47.000,Pulsa,BY.U,4653500,true,Pulsa,BY.U,Reguler,https://cdn.mobilepulsa.net/img/logo/pulsa/small/by.u.png,by.U 47.000
pulsa-by.u-1779023005494-445,by.U 48.000,Pulsa,BY.U,4752500,true,Pulsa,BY.U,Reguler,https://cdn.mobilepulsa.net/img/logo/pulsa/small/by.u.png,by.U 48.000
pulsa-by.u-1779023005494-446,by.U 49.000,Pulsa,BY.U,4851500,true,Pulsa,BY.U,Reguler,https://cdn.mobilepulsa.net/img/logo/pulsa/small/by.u.png,by.U 49.000
pulsa-by.u-1779023005494-447,by.U 50.000,Pulsa,BY.U,4919300,true,Pulsa,BY.U,Reguler,https://cdn.mobilepulsa.net/img/logo/pulsa/small/by.u.png,by.U 50.000
pulsa-by.u-1779023005494-448,by.U 51.000,Pulsa,BY.U,5050000,true,Pulsa,BY.U,Reguler,https://cdn.mobilepulsa.net/img/logo/pulsa/small/by.u.png,by.U 51.000
pulsa-by.u-1779023005494-449,by.U 52.000,Pulsa,BY.U,5148000,true,Pulsa,BY.U,Reguler,https://cdn.mobilepulsa.net/img/logo/pulsa/small/by.u.png,by.U 52.000
pulsa-by.u-1779023005494-450,by.U 53.000,Pulsa,BY.U,5259900,true,Pulsa,BY.U,Reguler,https://cdn.mobilepulsa.net/img/logo/pulsa/small/by.u.png,by.U 53.000
pulsa-by.u-1779023005494-451,by.U 54.000,Pulsa,BY.U,5359100,true,Pulsa,BY.U,Reguler,https://cdn.mobilepulsa.net/img/logo/pulsa/small/by.u.png,by.U 54.000
pulsa-by.u-1779023005494-452,by.U 55.000,Pulsa,BY.U,5419000,true,Pulsa,BY.U,Reguler,https://cdn.mobilepulsa.net/img/logo/pulsa/small/by.u.png,by.U 55.000
pulsa-by.u-1779023005494-453,by.U 56.000,Pulsa,BY.U,5557500,true,Pulsa,BY.U,Reguler,https://cdn.mobilepulsa.net/img/logo/pulsa/small/by.u.png,by.U 56.000
pulsa-by.u-1779023005494-454,by.U 57.000,Pulsa,BY.U,5656700,true,Pulsa,BY.U,Reguler,https://cdn.mobilepulsa.net/img/logo/pulsa/small/by.u.png,by.U 57.000
pulsa-by.u-1779023005494-455,by.U 58.000,Pulsa,BY.U,5755900,true,Pulsa,BY.U,Reguler,https://cdn.mobilepulsa.net/img/logo/pulsa/small/by.u.png,by.U 58.000
pulsa-by.u-1779023005494-456,by.U 59.000,Pulsa,BY.U,5855100,true,Pulsa,BY.U,Reguler,https://cdn.mobilepulsa.net/img/logo/pulsa/small/by.u.png,by.U 59.000
pulsa-by.u-1779023005494-457,by.U 60.000,Pulsa,BY.U,5911500,true,Pulsa,BY.U,Reguler,https://cdn.mobilepulsa.net/img/logo/pulsa/small/by.u.png,by.U 60.000
pulsa-by.u-1779023005494-458,by.U 61.000,Pulsa,BY.U,6053500,true,Pulsa,BY.U,Reguler,https://cdn.mobilepulsa.net/img/logo/pulsa/small/by.u.png,by.U 61.000
pulsa-by.u-1779023005494-459,by.U 62.000,Pulsa,BY.U,6152700,true,Pulsa,BY.U,Reguler,https://cdn.mobilepulsa.net/img/logo/pulsa/small/by.u.png,by.U 62.000
pulsa-by.u-1779023005494-460,by.U 63.000,Pulsa,BY.U,6251900,true,Pulsa,BY.U,Reguler,https://cdn.mobilepulsa.net/img/logo/pulsa/small/by.u.png,by.U 63.000
pulsa-by.u-1779023005494-461,by.U 64.000,Pulsa,BY.U,6351100,true,Pulsa,BY.U,Reguler,https://cdn.mobilepulsa.net/img/logo/pulsa/small/by.u.png,by.U 64.000
pulsa-by.u-1779023005494-462,by.U 65.000,Pulsa,BY.U,6373500,true,Pulsa,BY.U,Reguler,https://cdn.mobilepulsa.net/img/logo/pulsa/small/by.u.png,by.U 65.000
pulsa-by.u-1779023005494-463,by.U 66.000,Pulsa,BY.U,6549500,true,Pulsa,BY.U,Reguler,https://cdn.mobilepulsa.net/img/logo/pulsa/small/by.u.png,by.U 66.000
pulsa-by.u-1779023005494-464,by.U 67.000,Pulsa,BY.U,6648700,true,Pulsa,BY.U,Reguler,https://cdn.mobilepulsa.net/img/logo/pulsa/small/by.u.png,by.U 67.000
pulsa-by.u-1779023005494-465,by.U 68.000,Pulsa,BY.U,6747900,true,Pulsa,BY.U,Reguler,https://cdn.mobilepulsa.net/img/logo/pulsa/small/by.u.png,by.U 68.000
pulsa-by.u-1779023005494-466,by.U 69.000,Pulsa,BY.U,6847100,true,Pulsa,BY.U,Reguler,https://cdn.mobilepulsa.net/img/logo/pulsa/small/by.u.png,by.U 69.000
pulsa-by.u-1779023005494-467,by.U 70.000,Pulsa,BY.U,6895500,true,Pulsa,BY.U,Reguler,https://cdn.mobilepulsa.net/img/logo/pulsa/small/by.u.png,by.U 70.000
pulsa-by.u-1779023005494-468,by.U 71.000,Pulsa,BY.U,7045500,true,Pulsa,BY.U,Reguler,https://cdn.mobilepulsa.net/img/logo/pulsa/small/by.u.png,by.U 71.000
pulsa-by.u-1779023005494-469,by.U 72.000,Pulsa,BY.U,7144700,true,Pulsa,BY.U,Reguler,https://cdn.mobilepulsa.net/img/logo/pulsa/small/by.u.png,by.U 72.000
pulsa-by.u-1779023005494-470,by.U 73.000,Pulsa,BY.U,7243900,true,Pulsa,BY.U,Reguler,https://cdn.mobilepulsa.net/img/logo/pulsa/small/by.u.png,by.U 73.000
pulsa-by.u-1779023005494-471,by.U 75.000,Pulsa,BY.U,7287500,true,Pulsa,BY.U,Reguler,https://cdn.mobilepulsa.net/img/logo/pulsa/small/by.u.png,by.U 75.000
pulsa-by.u-1779023005494-472,by.U 74.000,Pulsa,BY.U,7343100,true,Pulsa,BY.U,Reguler,https://cdn.mobilepulsa.net/img/logo/pulsa/small/by.u.png,by.U 74.000
pulsa-by.u-1779023005494-473,by.U 76.000,Pulsa,BY.U,7541400,true,Pulsa,BY.U,Reguler,https://cdn.mobilepulsa.net/img/logo/pulsa/small/by.u.png,by.U 76.000
pulsa-by.u-1779023005494-474,by.U 77.000,Pulsa,BY.U,7640600,true,Pulsa,BY.U,Reguler,https://cdn.mobilepulsa.net/img/logo/pulsa/small/by.u.png,by.U 77.000
pulsa-by.u-1779023005494-475,by.U 78.000,Pulsa,BY.U,7739800,true,Pulsa,BY.U,Reguler,https://cdn.mobilepulsa.net/img/logo/pulsa/small/by.u.png,by.U 78.000
pulsa-by.u-1779023005494-476,by.U 79.000,Pulsa,BY.U,7839000,true,Pulsa,BY.U,Reguler,https://cdn.mobilepulsa.net/img/logo/pulsa/small/by.u.png,by.U 79.000
pulsa-by.u-1779023005494-477,by.U 80.000,Pulsa,BY.U,7880000,true,Pulsa,BY.U,Reguler,https://cdn.mobilepulsa.net/img/logo/pulsa/small/by.u.png,by.U 80.000
pulsa-by.u-1779023005494-478,by.U 81.000,Pulsa,BY.U,8037400,true,Pulsa,BY.U,Reguler,https://cdn.mobilepulsa.net/img/logo/pulsa/small/by.u.png,by.U 81.000
pulsa-by.u-1779023005494-479,by.U 82.000,Pulsa,BY.U,8136600,true,Pulsa,BY.U,Reguler,https://cdn.mobilepulsa.net/img/logo/pulsa/small/by.u.png,by.U 82.000
pulsa-by.u-1779023005494-480,by.U 83.000,Pulsa,BY.U,8235800,true,Pulsa,BY.U,Reguler,https://cdn.mobilepulsa.net/img/logo/pulsa/small/by.u.png,by.U 83.000
pulsa-by.u-1779023005494-481,by.U 84.000,Pulsa,BY.U,8335000,true,Pulsa,BY.U,Reguler,https://cdn.mobilepulsa.net/img/logo/pulsa/small/by.u.png,by.U 84.000
pulsa-by.u-1779023005494-482,by.U 85.000,Pulsa,BY.U,8370000,true,Pulsa,BY.U,Reguler,https://cdn.mobilepulsa.net/img/logo/pulsa/small/by.u.png,by.U 85.000
pulsa-by.u-1779023005494-483,by.U 86.000,Pulsa,BY.U,8533400,true,Pulsa,BY.U,Reguler,https://cdn.mobilepulsa.net/img/logo/pulsa/small/by.u.png,by.U 86.000
pulsa-by.u-1779023005494-484,by.U 87.000,Pulsa,BY.U,8632600,true,Pulsa,BY.U,Reguler,https://cdn.mobilepulsa.net/img/logo/pulsa/small/by.u.png,by.U 87.000
pulsa-by.u-1779023005494-485,by.U 88.000,Pulsa,BY.U,8731800,true,Pulsa,BY.U,Reguler,https://cdn.mobilepulsa.net/img/logo/pulsa/small/by.u.png,by.U 88.000
pulsa-by.u-1779023005494-486,by.U 89.000,Pulsa,BY.U,8831000,true,Pulsa,BY.U,Reguler,https://cdn.mobilepulsa.net/img/logo/pulsa/small/by.u.png,by.U 89.000
pulsa-by.u-1779023005494-487,by.U 90.000,Pulsa,BY.U,8865500,true,Pulsa,BY.U,Reguler,https://cdn.mobilepulsa.net/img/logo/pulsa/small/by.u.png,by.U 90.000
pulsa-by.u-1779023005494-488,by.U 91.000,Pulsa,BY.U,9029400,true,Pulsa,BY.U,Reguler,https://cdn.mobilepulsa.net/img/logo/pulsa/small/by.u.png,by.U 91.000
pulsa-by.u-1779023005494-489,by.U 92.000,Pulsa,BY.U,9128600,true,Pulsa,BY.U,Reguler,https://cdn.mobilepulsa.net/img/logo/pulsa/small/by.u.png,by.U 92.000
pulsa-by.u-1779023005494-490,by.U 93.000,Pulsa,BY.U,9227800,true,Pulsa,BY.U,Reguler,https://cdn.mobilepulsa.net/img/logo/pulsa/small/by.u.png,by.U 93.000
pulsa-by.u-1779023005494-491,by.U 94.000,Pulsa,BY.U,9327000,true,Pulsa,BY.U,Reguler,https://cdn.mobilepulsa.net/img/logo/pulsa/small/by.u.png,by.U 94.000
pulsa-by.u-1779023005494-492,by.U 95.000,Pulsa,BY.U,9357800,true,Pulsa,BY.U,Reguler,https://cdn.mobilepulsa.net/img/logo/pulsa/small/by.u.png,by.U 95.000
pulsa-by.u-1779023005494-493,by.U 96.000,Pulsa,BY.U,9525400,true,Pulsa,BY.U,Reguler,https://cdn.mobilepulsa.net/img/logo/pulsa/small/by.u.png,by.U 96.000
pulsa-by.u-1779023005494-494,by.U 97.000,Pulsa,BY.U,9624600,true,Pulsa,BY.U,Reguler,https://cdn.mobilepulsa.net/img/logo/pulsa/small/by.u.png,by.U 97.000
pulsa-by.u-1779023005494-495,by.U 100.000,Pulsa,BY.U,9699500,true,Pulsa,BY.U,Reguler,https://cdn.mobilepulsa.net/img/logo/pulsa/small/by.u.png,by.U 100.000
pulsa-by.u-1779023005494-496,by.U 98.000,Pulsa,BY.U,9723800,true,Pulsa,BY.U,Reguler,https://cdn.mobilepulsa.net/img/logo/pulsa/small/by.u.png,by.U 98.000
pulsa-by.u-1779023005494-497,by.U 99.000,Pulsa,BY.U,9823000,true,Pulsa,BY.U,Reguler,https://cdn.mobilepulsa.net/img/logo/pulsa/small/by.u.png,by.U 99.000
pulsa-by.u-1779023005494-498,by.U 150.000,Pulsa,BY.U,14510500,true,Pulsa,BY.U,Reguler,https://cdn.mobilepulsa.net/img/logo/pulsa/small/by.u.png,by.U 150.000
pulsa-by.u-1779023005494-499,by.U 200.000,Pulsa,BY.U,19325000,true,Pulsa,BY.U,Reguler,https://cdn.mobilepulsa.net/img/logo/pulsa/small/by.u.png,by.U 200.000
pulsa-axis-1779023005494-500,Axis 5.000,Pulsa,AXIS,440000,true,Pulsa,AXIS,Reguler,https://cdn.mobilepulsa.net/img/logo/pulsa/small/axis.png,Axis 5.000
pulsa-axis-1779023005494-501,Axis 10.000,Pulsa,AXIS,940000,true,Pulsa,AXIS,Reguler,https://cdn.mobilepulsa.net/img/logo/pulsa/small/axis.png,Axis 10.000
pulsa-axis-1779023005494-502,Axis 15.000,Pulsa,AXIS,1399000,true,Pulsa,AXIS,Reguler,https://cdn.mobilepulsa.net/img/logo/pulsa/small/axis.png,Axis 15.000
pulsa-axis-1779023005494-503,Axis 20.000,Pulsa,AXIS,2028500,true,Pulsa,AXIS,Reguler,https://cdn.mobilepulsa.net/img/logo/pulsa/small/axis.png,Axis 20.000
pulsa-axis-1779023005494-504,Axis 25.000,Pulsa,AXIS,2315000,true,Pulsa,AXIS,Reguler,https://cdn.mobilepulsa.net/img/logo/pulsa/small/axis.png,Axis 25.000
pulsa-axis-1779023005494-505,Axis 30.000,Pulsa,AXIS,2890000,true,Pulsa,AXIS,Reguler,https://cdn.mobilepulsa.net/img/logo/pulsa/small/axis.png,Axis 30.000
pulsa-axis-1779023005494-506,Axis 40.000,Pulsa,AXIS,3922500,true,Pulsa,AXIS,Reguler,https://cdn.mobilepulsa.net/img/logo/pulsa/small/axis.png,Axis 40.000
pulsa-axis-1779023005494-507,Axis 50.000,Pulsa,AXIS,4760000,true,Pulsa,AXIS,Reguler,https://cdn.mobilepulsa.net/img/logo/pulsa/small/axis.png,Axis 50.000
pulsa-axis-1779023005494-508,Axis 60.000,Pulsa,AXIS,5945000,true,Pulsa,AXIS,Reguler,https://cdn.mobilepulsa.net/img/logo/pulsa/small/axis.png,Axis 60.000
pulsa-axis-1779023005494-509,Axis 70.000,Pulsa,AXIS,6942500,true,Pulsa,AXIS,Reguler,https://cdn.mobilepulsa.net/img/logo/pulsa/small/axis.png,Axis 70.000
pulsa-axis-1779023005494-510,Axis 80.000,Pulsa,AXIS,7900000,true,Pulsa,AXIS,Reguler,https://cdn.mobilepulsa.net/img/logo/pulsa/small/axis.png,Axis 80.000
pulsa-axis-1779023005494-511,Axis 90.000,Pulsa,AXIS,8910000,true,Pulsa,AXIS,Reguler,https://cdn.mobilepulsa.net/img/logo/pulsa/small/axis.png,Axis 90.000
pulsa-axis-1779023005494-512,Axis 100.000,Pulsa,AXIS,9670000,true,Pulsa,AXIS,Reguler,https://cdn.mobilepulsa.net/img/logo/pulsa/small/axis.png,Axis 100.000
pulsa-axis-1779023005494-513,Axis 150.000,Pulsa,AXIS,14905000,true,Pulsa,AXIS,Reguler,https://cdn.mobilepulsa.net/img/logo/pulsa/small/axis.png,Axis 150.000
pulsa-axis-1779023005494-514,Axis 200.000,Pulsa,AXIS,19872500,true,Pulsa,AXIS,Reguler,https://cdn.mobilepulsa.net/img/logo/pulsa/small/axis.png,Axis 200.000
pulsa-axis-1779023005494-515,Axis 300.000,Pulsa,AXIS,29805500,true,Pulsa,AXIS,Reguler,https://cdn.mobilepulsa.net/img/logo/pulsa/small/axis.png,Axis 300.000
pulsa-axis-1779023005494-516,Axis 500.000,Pulsa,AXIS,49446000,true,Pulsa,AXIS,Reguler,https://cdn.mobilepulsa.net/img/logo/pulsa/small/axis.png,Axis 500.000
pulsa-axis-1779023005494-517,Axis 1.000.000,Pulsa,AXIS,99371000,true,Pulsa,AXIS,Reguler,https://cdn.mobilepulsa.net/img/logo/pulsa/small/axis.png,Axis 1.000.000
