pulsa-telkomsel-1779023214337-0,Cek Hutang Pulsa Telkomsel,Pulsa,TELKOMSEL,600,true,Pulsa,TELKOMSEL,-,https://cdn.mobilepulsa.net/img/logo/pulsa/small/telkomsel.png,Cek Hutang Pulsa Telkomsel
pulsa-telkomsel-1779023214337-1,Telkomsel 2.000,Pulsa,TELKOMSEL,210500,true,Pulsa,TELKOMSEL,Reguler,https://cdn.mobilepulsa.net/img/logo/pulsa/small/telkomsel.png,Telkomsel 2.000
pulsa-telkomsel-1779023214337-2,Telkomsel 3.000,Pulsa,TELKOMSEL,335500,true,Pulsa,TELKOMSEL,Reguler,https://cdn.mobilepulsa.net/img/logo/pulsa/small/telkomsel.png,Telkomsel 3.000
pulsa-telkomsel-1779023214337-3,Telkomsel 5.000,Pulsa,TELKOMSEL,400000,true,Pulsa,TELKOMSEL,Reguler,https://cdn.mobilepulsa.net/img/logo/pulsa/small/telkomsel.png,Telkomsel 5.000
pulsa-telkomsel-1779023214337-4,Telkomsel 4.000,Pulsa,TELKOMSEL,435500,true,Pulsa,TELKOMSEL,Reguler,https://cdn.mobilepulsa.net/img/logo/pulsa/small/telkomsel.png,Telkomsel 4.000
pulsa-telkomsel-1779023214337-5,Telkomsel 6.000,Pulsa,TELKOMSEL,644000,true,Pulsa,TELKOMSEL,Reguler,https://cdn.mobilepulsa.net/img/logo/pulsa/small/telkomsel.png,Telkomsel 6.000
pulsa-telkomsel-1779023214337-6,Telkomsel 7.000,Pulsa,TELKOMSEL,750000,true,Pulsa,TELKOMSEL,Reguler,https://cdn.mobilepulsa.net/img/logo/pulsa/small/telkomsel.png,Telkomsel 7.000
pulsa-telkomsel-1779023214337-7,Telkomsel 8.000,Pulsa,TELKOMSEL,844000,true,Pulsa,TELKOMSEL,Reguler,https://cdn.mobilepulsa.net/img/logo/pulsa/small/telkomsel.png,Telkomsel 8.000
pulsa-telkomsel-1779023214337-8,Telkomsel 10.000,Pulsa,TELKOMSEL,844500,true,Pulsa,TELKOMSEL,Reguler,https://cdn.mobilepulsa.net/img/logo/pulsa/small/telkomsel.png,Telkomsel 10.000
pulsa-telkomsel-1779023214337-9,Telkomsel 9.000,Pulsa,TELKOMSEL,944000,true,Pulsa,TELKOMSEL,Reguler,https://cdn.mobilepulsa.net/img/logo/pulsa/small/telkomsel.png,Telkomsel 9.000
pulsa-telkomsel-1779023214337-10,Telkomsel 11.000,Pulsa,TELKOMSEL,1170000,true,Pulsa,TELKOMSEL,Reguler,https://cdn.mobilepulsa.net/img/logo/pulsa/small/telkomsel.png,Telkomsel 11.000
pulsa-telkomsel-1779023214337-11,Telkomsel 12.000,Pulsa,TELKOMSEL,1270000,true,Pulsa,TELKOMSEL,Reguler,https://cdn.mobilepulsa.net/img/logo/pulsa/small/telkomsel.png,Telkomsel 12.000
pulsa-telkomsel-1779023214337-12,Telkomsel 13.000,Pulsa,TELKOMSEL,1370000,true,Pulsa,TELKOMSEL,Reguler,https://cdn.mobilepulsa.net/img/logo/pulsa/small/telkomsel.png,Telkomsel 13.000
pulsa-telkomsel-1779023214337-13,Telkomsel 15.000,Pulsa,TELKOMSEL,1400000,true,Pulsa,TELKOMSEL,Reguler,https://cdn.mobilepulsa.net/img/logo/pulsa/small/telkomsel.png,Telkomsel 15.000
pulsa-telkomsel-1779023214337-14,Telkomsel 14.000,Pulsa,TELKOMSEL,1470000,true,Pulsa,TELKOMSEL,Reguler,https://cdn.mobilepulsa.net/img/logo/pulsa/small/telkomsel.png,Telkomsel 14.000
pulsa-telkomsel-1779023214337-15,Telkomsel 16.000,Pulsa,TELKOMSEL,1676000,true,Pulsa,TELKOMSEL,Reguler,https://cdn.mobilepulsa.net/img/logo/pulsa/small/telkomsel.png,Telkomsel 16.000
pulsa-telkomsel-1779023214337-16,Telkomsel 17.000,Pulsa,TELKOMSEL,1776000,true,Pulsa,TELKOMSEL,Reguler,https://cdn.mobilepulsa.net/img/logo/pulsa/small/telkomsel.png,Telkomsel 17.000
pulsa-telkomsel-1779023214337-17,Telkomsel 20.000,Pulsa,TELKOMSEL,1830000,true,Pulsa,TELKOMSEL,Reguler,https://cdn.mobilepulsa.net/img/logo/pulsa/small/telkomsel.png,Telkomsel 20.000
pulsa-telkomsel-1779023214337-18,Telkomsel 18.000,Pulsa,TELKOMSEL,1876000,true,Pulsa,TELKOMSEL,Reguler,https://cdn.mobilepulsa.net/img/logo/pulsa/small/telkomsel.png,Telkomsel 18.000
pulsa-telkomsel-1779023214337-19,Telkomsel 19.000,Pulsa,TELKOMSEL,1973500,true,Pulsa,TELKOMSEL,Reguler,https://cdn.mobilepulsa.net/img/logo/pulsa/small/telkomsel.png,Telkomsel 19.000
pulsa-telkomsel-1779023214337-20,Telkomsel 21.000,Pulsa,TELKOMSEL,2080500,true,Pulsa,TELKOMSEL,Reguler,https://cdn.mobilepulsa.net/img/logo/pulsa/small/telkomsel.png,Telkomsel 21.000
pulsa-telkomsel-1779023214337-21,Telkomsel 22.000,Pulsa,TELKOMSEL,2179500,true,Pulsa,TELKOMSEL,Reguler,https://cdn.mobilepulsa.net/img/logo/pulsa/small/telkomsel.png,Telkomsel 22.000
pulsa-telkomsel-1779023214337-22,Telkomsel 23.000,Pulsa,TELKOMSEL,2278500,true,Pulsa,TELKOMSEL,Reguler,https://cdn.mobilepulsa.net/img/logo/pulsa/small/telkomsel.png,Telkomsel 23.000
pulsa-telkomsel-1779023214337-23,Telkomsel 25.000,Pulsa,TELKOMSEL,2320000,true,Pulsa,TELKOMSEL,Reguler,https://cdn.mobilepulsa.net/img/logo/pulsa/small/telkomsel.png,Telkomsel 25.000
pulsa-telkomsel-1779023214337-24,Telkomsel 24.000,Pulsa,TELKOMSEL,2377500,true,Pulsa,TELKOMSEL,Reguler,https://cdn.mobilepulsa.net/img/logo/pulsa/small/telkomsel.png,Telkomsel 24.000
pulsa-telkomsel-1779023214337-25,Telkomsel 26.000,Pulsa,TELKOMSEL,2571100,true,Pulsa,TELKOMSEL,Reguler,https://cdn.mobilepulsa.net/img/logo/pulsa/small/telkomsel.png,Telkomsel 26.000
pulsa-telkomsel-1779023214337-26,Telkomsel 27.000,Pulsa,TELKOMSEL,2669700,true,Pulsa,TELKOMSEL,Reguler,https://cdn.mobilepulsa.net/img/logo/pulsa/small/telkomsel.png,Telkomsel 27.000
pulsa-telkomsel-1779023214337-27,Telkomsel 28.000,Pulsa,TELKOMSEL,2768300,true,Pulsa,TELKOMSEL,Reguler,https://cdn.mobilepulsa.net/img/logo/pulsa/small/telkomsel.png,Telkomsel 28.000
pulsa-telkomsel-1779023214337-28,Telkomsel 30.000,Pulsa,TELKOMSEL,2777500,true,Pulsa,TELKOMSEL,Reguler,https://cdn.mobilepulsa.net/img/logo/pulsa/small/telkomsel.png,Telkomsel 30.000
pulsa-telkomsel-1779023214337-29,Telkomsel 29.000,Pulsa,TELKOMSEL,2866900,true,Pulsa,TELKOMSEL,Reguler,https://cdn.mobilepulsa.net/img/logo/pulsa/small/telkomsel.png,Telkomsel 29.000
pulsa-telkomsel-1779023214337-30,Telkomsel 31.000,Pulsa,TELKOMSEL,3064100,true,Pulsa,TELKOMSEL,Reguler,https://cdn.mobilepulsa.net/img/logo/pulsa/small/telkomsel.png,Telkomsel 31.000
pulsa-telkomsel-1779023214337-31,Telkomsel 32.000,Pulsa,TELKOMSEL,3164100,true,Pulsa,TELKOMSEL,Reguler,https://cdn.mobilepulsa.net/img/logo/pulsa/small/telkomsel.png,Telkomsel 32.000
pulsa-telkomsel-1779023214337-32,Telkomsel 33.000,Pulsa,TELKOMSEL,3262900,true,Pulsa,TELKOMSEL,Reguler,https://cdn.mobilepulsa.net/img/logo/pulsa/small/telkomsel.png,Telkomsel 33.000
pulsa-telkomsel-1779023214337-33,Telkomsel 35.000,Pulsa,TELKOMSEL,3277500,true,Pulsa,TELKOMSEL,Reguler,https://cdn.mobilepulsa.net/img/logo/pulsa/small/telkomsel.png,Telkomsel 35.000
pulsa-telkomsel-1779023214337-34,Telkomsel 34.000,Pulsa,TELKOMSEL,3361700,true,Pulsa,TELKOMSEL,Reguler,https://cdn.mobilepulsa.net/img/logo/pulsa/small/telkomsel.png,Telkomsel 34.000
pulsa-telkomsel-1779023214337-35,Telkomsel 36.000,Pulsa,TELKOMSEL,3552100,true,Pulsa,TELKOMSEL,Reguler,https://cdn.mobilepulsa.net/img/logo/pulsa/small/telkomsel.png,Telkomsel 36.000
pulsa-telkomsel-1779023214337-36,Telkomsel 37.000,Pulsa,TELKOMSEL,3650700,true,Pulsa,TELKOMSEL,Reguler,https://cdn.mobilepulsa.net/img/logo/pulsa/small/telkomsel.png,Telkomsel 37.000
pulsa-telkomsel-1779023214337-37,Telkomsel 38.000,Pulsa,TELKOMSEL,3749300,true,Pulsa,TELKOMSEL,Reguler,https://cdn.mobilepulsa.net/img/logo/pulsa/small/telkomsel.png,Telkomsel 38.000
pulsa-telkomsel-1779023214337-38,Telkomsel 39.000,Pulsa,TELKOMSEL,3847900,true,Pulsa,TELKOMSEL,Reguler,https://cdn.mobilepulsa.net/img/logo/pulsa/small/telkomsel.png,Telkomsel 39.000
pulsa-telkomsel-1779023214337-39,Telkomsel 40.000,Pulsa,TELKOMSEL,3865000,true,Pulsa,TELKOMSEL,Reguler,https://cdn.mobilepulsa.net/img/logo/pulsa/small/telkomsel.png,Telkomsel 40.000
pulsa-telkomsel-1779023214337-40,Telkomsel 41.000,Pulsa,TELKOMSEL,4047600,true,Pulsa,TELKOMSEL,Reguler,https://cdn.mobilepulsa.net/img/logo/pulsa/small/telkomsel.png,Telkomsel 41.000
pulsa-telkomsel-1779023214337-41,Telkomsel 42.000,Pulsa,TELKOMSEL,4143700,true,Pulsa,TELKOMSEL,Reguler,https://cdn.mobilepulsa.net/img/logo/pulsa/small/telkomsel.png,Telkomsel 42.000
pulsa-telkomsel-1779023214337-42,Telkomsel 43.000,Pulsa,TELKOMSEL,4244800,true,Pulsa,TELKOMSEL,Reguler,https://cdn.mobilepulsa.net/img/logo/pulsa/small/telkomsel.png,Telkomsel 43.000
pulsa-telkomsel-1779023214337-43,Telkomsel 44.000,Pulsa,TELKOMSEL,4340900,true,Pulsa,TELKOMSEL,Reguler,https://cdn.mobilepulsa.net/img/logo/pulsa/small/telkomsel.png,Telkomsel 44.000
pulsa-telkomsel-1779023214337-44,Telkomsel 46.000,Pulsa,TELKOMSEL,4372500,true,Pulsa,TELKOMSEL,Reguler,https://cdn.mobilepulsa.net/img/logo/pulsa/small/telkomsel.png,Telkomsel 46.000
pulsa-telkomsel-1779023214337-45,Telkomsel 45.000,Pulsa,TELKOMSEL,4417500,true,Pulsa,TELKOMSEL,Reguler,https://cdn.mobilepulsa.net/img/logo/pulsa/small/telkomsel.png,Telkomsel 45.000
pulsa-telkomsel-1779023214337-46,Telkomsel 47.000,Pulsa,TELKOMSEL,4636700,true,Pulsa,TELKOMSEL,Reguler,https://cdn.mobilepulsa.net/img/logo/pulsa/small/telkomsel.png,Telkomsel 47.000
pulsa-telkomsel-1779023214337-47,Telkomsel 50.000,Pulsa,TELKOMSEL,4670000,true,Pulsa,TELKOMSEL,Reguler,https://cdn.mobilepulsa.net/img/logo/pulsa/small/telkomsel.png,Telkomsel 50.000
pulsa-telkomsel-1779023214337-48,Telkomsel 48.000,Pulsa,TELKOMSEL,4735300,true,Pulsa,TELKOMSEL,Reguler,https://cdn.mobilepulsa.net/img/logo/pulsa/small/telkomsel.png,Telkomsel 48.000
pulsa-telkomsel-1779023214337-49,Telkomsel 49.000,Pulsa,TELKOMSEL,4833900,true,Pulsa,TELKOMSEL,Reguler,https://cdn.mobilepulsa.net/img/logo/pulsa/small/telkomsel.png,Telkomsel 49.000
pulsa-telkomsel-1779023214337-50,Telkomsel 51.000,Pulsa,TELKOMSEL,5038600,true,Pulsa,TELKOMSEL,Reguler,https://cdn.mobilepulsa.net/img/logo/pulsa/small/telkomsel.png,Telkomsel 51.000
pulsa-telkomsel-1779023214337-51,Telkomsel 52.000,Pulsa,TELKOMSEL,5137200,true,Pulsa,TELKOMSEL,Reguler,https://cdn.mobilepulsa.net/img/logo/pulsa/small/telkomsel.png,Telkomsel 52.000
pulsa-telkomsel-1779023214337-52,Telkomsel 53.000,Pulsa,TELKOMSEL,5235800,true,Pulsa,TELKOMSEL,Reguler,https://cdn.mobilepulsa.net/img/logo/pulsa/small/telkomsel.png,Telkomsel 53.000
pulsa-telkomsel-1779023214337-53,Telkomsel 54.000,Pulsa,TELKOMSEL,5334400,true,Pulsa,TELKOMSEL,Reguler,https://cdn.mobilepulsa.net/img/logo/pulsa/small/telkomsel.png,Telkomsel 54.000
pulsa-telkomsel-1779023214337-54,Telkomsel 55.000,Pulsa,TELKOMSEL,5400000,true,Pulsa,TELKOMSEL,Reguler,https://cdn.mobilepulsa.net/img/logo/pulsa/small/telkomsel.png,Telkomsel 55.000
pulsa-telkomsel-1779023214337-55,Telkomsel 56.000,Pulsa,TELKOMSEL,5531600,true,Pulsa,TELKOMSEL,Reguler,https://cdn.mobilepulsa.net/img/logo/pulsa/small/telkomsel.png,Telkomsel 56.000
pulsa-telkomsel-1779023214337-56,Telkomsel 57.000,Pulsa,TELKOMSEL,5630200,true,Pulsa,TELKOMSEL,Reguler,https://cdn.mobilepulsa.net/img/logo/pulsa/small/telkomsel.png,Telkomsel 57.000
pulsa-telkomsel-1779023214337-57,Telkomsel 58.000,Pulsa,TELKOMSEL,5728800,true,Pulsa,TELKOMSEL,Reguler,https://cdn.mobilepulsa.net/img/logo/pulsa/small/telkomsel.png,Telkomsel 58.000
pulsa-telkomsel-1779023214337-58,Telkomsel 59.000,Pulsa,TELKOMSEL,5827400,true,Pulsa,TELKOMSEL,Reguler,https://cdn.mobilepulsa.net/img/logo/pulsa/small/telkomsel.png,Telkomsel 59.000
pulsa-telkomsel-1779023214337-59,Telkomsel 60.000,Pulsa,TELKOMSEL,5835000,true,Pulsa,TELKOMSEL,Reguler,https://cdn.mobilepulsa.net/img/logo/pulsa/small/telkomsel.png,Telkomsel 60.000
pulsa-telkomsel-1779023214337-60,Telkomsel 61.000,Pulsa,TELKOMSEL,6024600,true,Pulsa,TELKOMSEL,Reguler,https://cdn.mobilepulsa.net/img/logo/pulsa/small/telkomsel.png,Telkomsel 61.000
pulsa-telkomsel-1779023214337-61,Telkomsel 62.000,Pulsa,TELKOMSEL,6123200,true,Pulsa,TELKOMSEL,Reguler,https://cdn.mobilepulsa.net/img/logo/pulsa/small/telkomsel.png,Telkomsel 62.000
pulsa-telkomsel-1779023214337-62,Telkomsel 63.000,Pulsa,TELKOMSEL,6221800,true,Pulsa,TELKOMSEL,Reguler,https://cdn.mobilepulsa.net/img/logo/pulsa/small/telkomsel.png,Telkomsel 63.000
pulsa-telkomsel-1779023214337-63,Telkomsel 64.000,Pulsa,TELKOMSEL,6320400,true,Pulsa,TELKOMSEL,Reguler,https://cdn.mobilepulsa.net/img/logo/pulsa/small/telkomsel.png,Telkomsel 64.000
pulsa-telkomsel-1779023214337-64,Telkomsel 65.000,Pulsa,TELKOMSEL,6385000,true,Pulsa,TELKOMSEL,Reguler,https://cdn.mobilepulsa.net/img/logo/pulsa/small/telkomsel.png,Telkomsel 65.000
pulsa-telkomsel-1779023214337-65,Telkomsel 66.000,Pulsa,TELKOMSEL,6517600,true,Pulsa,TELKOMSEL,Reguler,https://cdn.mobilepulsa.net/img/logo/pulsa/small/telkomsel.png,Telkomsel 66.000
pulsa-telkomsel-1779023214338-66,Telkomsel 67.000,Pulsa,TELKOMSEL,6616200,true,Pulsa,TELKOMSEL,Reguler,https://cdn.mobilepulsa.net/img/logo/pulsa/small/telkomsel.png,Telkomsel 67.000
pulsa-telkomsel-1779023214338-67,Telkomsel 70.000,Pulsa,TELKOMSEL,6702500,true,Pulsa,TELKOMSEL,Reguler,https://cdn.mobilepulsa.net/img/logo/pulsa/small/telkomsel.png,Telkomsel 70.000
pulsa-telkomsel-1779023214338-68,Telkomsel 68.000,Pulsa,TELKOMSEL,6714800,true,Pulsa,TELKOMSEL,Reguler,https://cdn.mobilepulsa.net/img/logo/pulsa/small/telkomsel.png,Telkomsel 68.000
pulsa-telkomsel-1779023214338-69,Telkomsel 69.000,Pulsa,TELKOMSEL,6813400,true,Pulsa,TELKOMSEL,Reguler,https://cdn.mobilepulsa.net/img/logo/pulsa/small/telkomsel.png,Telkomsel 69.000
pulsa-telkomsel-1779023214338-70,Telkomsel 71.000,Pulsa,TELKOMSEL,7010600,true,Pulsa,TELKOMSEL,Reguler,https://cdn.mobilepulsa.net/img/logo/pulsa/small/telkomsel.png,Telkomsel 71.000
pulsa-telkomsel-1779023214338-71,Telkomsel 72.000,Pulsa,TELKOMSEL,7109200,true,Pulsa,TELKOMSEL,Reguler,https://cdn.mobilepulsa.net/img/logo/pulsa/small/telkomsel.png,Telkomsel 72.000
pulsa-telkomsel-1779023214338-72,Telkomsel 73.000,Pulsa,TELKOMSEL,7207800,true,Pulsa,TELKOMSEL,Reguler,https://cdn.mobilepulsa.net/img/logo/pulsa/small/telkomsel.png,Telkomsel 73.000
pulsa-telkomsel-1779023214338-73,Telkomsel 75.000,Pulsa,TELKOMSEL,7250000,true,Pulsa,TELKOMSEL,Reguler,https://cdn.mobilepulsa.net/img/logo/pulsa/small/telkomsel.png,Telkomsel 75.000
pulsa-telkomsel-1779023214338-74,Telkomsel 74.000,Pulsa,TELKOMSEL,7306400,true,Pulsa,TELKOMSEL,Reguler,https://cdn.mobilepulsa.net/img/logo/pulsa/small/telkomsel.png,Telkomsel 74.000
pulsa-telkomsel-1779023214338-75,Telkomsel 76.000,Pulsa,TELKOMSEL,7503600,true,Pulsa,TELKOMSEL,Reguler,https://cdn.mobilepulsa.net/img/logo/pulsa/small/telkomsel.png,Telkomsel 76.000
pulsa-telkomsel-1779023214338-76,Telkomsel 77.000,Pulsa,TELKOMSEL,7602200,true,Pulsa,TELKOMSEL,Reguler,https://cdn.mobilepulsa.net/img/logo/pulsa/small/telkomsel.png,Telkomsel 77.000
pulsa-telkomsel-1779023214338-77,Telkomsel 78.000,Pulsa,TELKOMSEL,7700800,true,Pulsa,TELKOMSEL,Reguler,https://cdn.mobilepulsa.net/img/logo/pulsa/small/telkomsel.png,Telkomsel 78.000
pulsa-telkomsel-1779023214338-78,Telkomsel 79.000,Pulsa,TELKOMSEL,7799400,true,Pulsa,TELKOMSEL,Reguler,https://cdn.mobilepulsa.net/img/logo/pulsa/small/telkomsel.png,Telkomsel 79.000
pulsa-telkomsel-1779023214338-79,Telkomsel 80.000,Pulsa,TELKOMSEL,7830000,true,Pulsa,TELKOMSEL,Reguler,https://cdn.mobilepulsa.net/img/logo/pulsa/small/telkomsel.png,Telkomsel 80.000
pulsa-telkomsel-1779023214338-80,Telkomsel 81.000,Pulsa,TELKOMSEL,7996600,true,Pulsa,TELKOMSEL,Reguler,https://cdn.mobilepulsa.net/img/logo/pulsa/small/telkomsel.png,Telkomsel 81.000
pulsa-telkomsel-1779023214338-81,Telkomsel 82.000,Pulsa,TELKOMSEL,8095200,true,Pulsa,TELKOMSEL,Reguler,https://cdn.mobilepulsa.net/img/logo/pulsa/small/telkomsel.png,Telkomsel 82.000
pulsa-telkomsel-1779023214338-82,Telkomsel 83.000,Pulsa,TELKOMSEL,8193800,true,Pulsa,TELKOMSEL,Reguler,https://cdn.mobilepulsa.net/img/logo/pulsa/small/telkomsel.png,Telkomsel 83.000
pulsa-telkomsel-1779023214338-83,Telkomsel 84.000,Pulsa,TELKOMSEL,8292400,true,Pulsa,TELKOMSEL,Reguler,https://cdn.mobilepulsa.net/img/logo/pulsa/small/telkomsel.png,Telkomsel 84.000
pulsa-telkomsel-1779023214338-84,Telkomsel 85.000,Pulsa,TELKOMSEL,8350000,true,Pulsa,TELKOMSEL,Reguler,https://cdn.mobilepulsa.net/img/logo/pulsa/small/telkomsel.png,Telkomsel 85.000
pulsa-telkomsel-1779023214338-85,Telkomsel 86.000,Pulsa,TELKOMSEL,8489600,true,Pulsa,TELKOMSEL,Reguler,https://cdn.mobilepulsa.net/img/logo/pulsa/small/telkomsel.png,Telkomsel 86.000
pulsa-telkomsel-1779023214338-86,Telkomsel 87.000,Pulsa,TELKOMSEL,8588200,true,Pulsa,TELKOMSEL,Reguler,https://cdn.mobilepulsa.net/img/logo/pulsa/small/telkomsel.png,Telkomsel 87.000
pulsa-telkomsel-1779023214338-87,Telkomsel 88.000,Pulsa,TELKOMSEL,8686800,true,Pulsa,TELKOMSEL,Reguler,https://cdn.mobilepulsa.net/img/logo/pulsa/small/telkomsel.png,Telkomsel 88.000
pulsa-telkomsel-1779023214338-88,Telkomsel 89.000,Pulsa,TELKOMSEL,8785400,true,Pulsa,TELKOMSEL,Reguler,https://cdn.mobilepulsa.net/img/logo/pulsa/small/telkomsel.png,Telkomsel 89.000
pulsa-telkomsel-1779023214338-89,Telkomsel 90.000,Pulsa,TELKOMSEL,8822500,true,Pulsa,TELKOMSEL,Reguler,https://cdn.mobilepulsa.net/img/logo/pulsa/small/telkomsel.png,Telkomsel 90.000
pulsa-telkomsel-1779023214338-90,Telkomsel 91.000,Pulsa,TELKOMSEL,8982600,true,Pulsa,TELKOMSEL,Reguler,https://cdn.mobilepulsa.net/img/logo/pulsa/small/telkomsel.png,Telkomsel 91.000
pulsa-telkomsel-1779023214338-91,Telkomsel 92.000,Pulsa,TELKOMSEL,9081200,true,Pulsa,TELKOMSEL,Reguler,https://cdn.mobilepulsa.net/img/logo/pulsa/small/telkomsel.png,Telkomsel 92.000
pulsa-telkomsel-1779023214338-92,Telkomsel 93.000,Pulsa,TELKOMSEL,9179800,true,Pulsa,TELKOMSEL,Reguler,https://cdn.mobilepulsa.net/img/logo/pulsa/small/telkomsel.png,Telkomsel 93.000
pulsa-telkomsel-1779023214338-93,Telkomsel 94.000,Pulsa,TELKOMSEL,9278400,true,Pulsa,TELKOMSEL,Reguler,https://cdn.mobilepulsa.net/img/logo/pulsa/small/telkomsel.png,Telkomsel 94.000
pulsa-telkomsel-1779023214338-94,Telkomsel 95.000,Pulsa,TELKOMSEL,9300000,true,Pulsa,TELKOMSEL,Reguler,https://cdn.mobilepulsa.net/img/logo/pulsa/small/telkomsel.png,Telkomsel 95.000
pulsa-telkomsel-1779023214338-95,Telkomsel 100.000,Pulsa,TELKOMSEL,9440000,true,Pulsa,TELKOMSEL,Reguler,https://cdn.mobilepulsa.net/img/logo/pulsa/small/telkomsel.png,Telkomsel 100.000
pulsa-telkomsel-1779023214338-96,Telkomsel 96.000,Pulsa,TELKOMSEL,9475600,true,Pulsa,TELKOMSEL,Reguler,https://cdn.mobilepulsa.net/img/logo/pulsa/small/telkomsel.png,Telkomsel 96.000
pulsa-telkomsel-1779023214338-97,Telkomsel 97.000,Pulsa,TELKOMSEL,9574200,true,Pulsa,TELKOMSEL,Reguler,https://cdn.mobilepulsa.net/img/logo/pulsa/small/telkomsel.png,Telkomsel 97.000
pulsa-telkomsel-1779023214338-98,Telkomsel 98.000,Pulsa,TELKOMSEL,9672800,true,Pulsa,TELKOMSEL,Reguler,https://cdn.mobilepulsa.net/img/logo/pulsa/small/telkomsel.png,Telkomsel 98.000
pulsa-telkomsel-1779023214338-99,Telkomsel 99.000,Pulsa,TELKOMSEL,9771400,true,Pulsa,TELKOMSEL,Reguler,https://cdn.mobilepulsa.net/img/logo/pulsa/small/telkomsel.png,Telkomsel 99.000
